"LOCATION","INDICATOR","SUBJECT","MEASURE","FREQUENCY","TIME","Value","Flag Codes"
"AUT","QGDP","VOLIDX","IDX","Q","2008-Q1",96.8,
"AUT","QGDP","VOLIDX","IDX","Q","2008-Q2",97.7,
"AUT","QGDP","VOLIDX","IDX","Q","2008-Q3",97.2,
"AUT","QGDP","VOLIDX","IDX","Q","2008-Q4",95,
"AUT","QGDP","VOLIDX","IDX","Q","2009-Q1",93.3,
"AUT","QGDP","VOLIDX","IDX","Q","2009-Q2",92.5,
"AUT","QGDP","VOLIDX","IDX","Q","2009-Q3",93,
"AUT","QGDP","VOLIDX","IDX","Q","2009-Q4",93.3,
"AUT","QGDP","VOLIDX","IDX","Q","2010-Q1",93,
"AUT","QGDP","VOLIDX","IDX","Q","2010-Q2",94.2,
"AUT","QGDP","VOLIDX","IDX","Q","2010-Q3",95.1,
"AUT","QGDP","VOLIDX","IDX","Q","2010-Q4",96.1,
"AUT","QGDP","VOLIDX","IDX","Q","2011-Q1",97,
"AUT","QGDP","VOLIDX","IDX","Q","2011-Q2",97.3,
"AUT","QGDP","VOLIDX","IDX","Q","2011-Q3",98,
"AUT","QGDP","VOLIDX","IDX","Q","2011-Q4",98,
"AUT","QGDP","VOLIDX","IDX","Q","2012-Q1",98.6,
"AUT","QGDP","VOLIDX","IDX","Q","2012-Q2",98.3,
"AUT","QGDP","VOLIDX","IDX","Q","2012-Q3",98.2,
"AUT","QGDP","VOLIDX","IDX","Q","2012-Q4",98.1,
"AUT","QGDP","VOLIDX","IDX","Q","2013-Q1",97.8,
"AUT","QGDP","VOLIDX","IDX","Q","2013-Q2",98,
"AUT","QGDP","VOLIDX","IDX","Q","2013-Q3",98.4,
"AUT","QGDP","VOLIDX","IDX","Q","2013-Q4",98.9,
"AUT","QGDP","VOLIDX","IDX","Q","2014-Q1",98.6,
"AUT","QGDP","VOLIDX","IDX","Q","2014-Q2",99.3,
"AUT","QGDP","VOLIDX","IDX","Q","2014-Q3",99.2,
"AUT","QGDP","VOLIDX","IDX","Q","2014-Q4",99.3,
"AUT","QGDP","VOLIDX","IDX","Q","2015-Q1",99.6,
"AUT","QGDP","VOLIDX","IDX","Q","2015-Q2",99.7,
"AUT","QGDP","VOLIDX","IDX","Q","2015-Q3",100.3,
"AUT","QGDP","VOLIDX","IDX","Q","2015-Q4",100.4,
"AUT","QGDP","VOLIDX","IDX","Q","2016-Q1",101.5,
"AUT","QGDP","VOLIDX","IDX","Q","2016-Q2",101.4,
"AUT","QGDP","VOLIDX","IDX","Q","2016-Q3",101.9,
"AUT","QGDP","VOLIDX","IDX","Q","2016-Q4",103,
"AUT","QGDP","VOLIDX","IDX","Q","2017-Q1",103.8,
"AUT","QGDP","VOLIDX","IDX","Q","2017-Q2",104.3,
"AUT","QGDP","VOLIDX","IDX","Q","2017-Q3",104.8,
"AUT","QGDP","VOLIDX","IDX","Q","2017-Q4",105.2,
"AUT","QGDP","VOLIDX","IDX","Q","2018-Q1",106.5,
"AUT","QGDP","VOLIDX","IDX","Q","2018-Q2",106.9,
"AUT","QGDP","VOLIDX","IDX","Q","2018-Q3",107.2,
"AUT","QGDP","VOLIDX","IDX","Q","2018-Q4",108.1,
"AUT","QGDP","VOLIDX","IDX","Q","2019-Q1",108.9,
"AUT","QGDP","VOLIDX","IDX","Q","2019-Q2",108.6,
"AUT","QGDP","VOLIDX","IDX","Q","2019-Q3",108.9,
"AUT","QGDP","VOLIDX","IDX","Q","2019-Q4",108.3,
"AUT","QGDP","VOLIDX","IDX","Q","2020-Q1",105.5,
"AUT","QGDP","VOLIDX","IDX","Q","2020-Q2",94.3,
"AUT","QGDP","VOLIDX","IDX","Q","2020-Q3",105.2,
"AUT","QGDP","VOLIDX","IDX","Q","2020-Q4",101.9,
"AUT","QGDP","VOLIDX","IDX","Q","2021-Q1",100.8,
"BEL","QGDP","VOLIDX","IDX","Q","2008-Q1",93.7,
"BEL","QGDP","VOLIDX","IDX","Q","2008-Q2",93.8,
"BEL","QGDP","VOLIDX","IDX","Q","2008-Q3",93.3,
"BEL","QGDP","VOLIDX","IDX","Q","2008-Q4",91.2,
"BEL","QGDP","VOLIDX","IDX","Q","2009-Q1",90.3,
"BEL","QGDP","VOLIDX","IDX","Q","2009-Q2",90.4,
"BEL","QGDP","VOLIDX","IDX","Q","2009-Q3",91.5,
"BEL","QGDP","VOLIDX","IDX","Q","2009-Q4",92.3,
"BEL","QGDP","VOLIDX","IDX","Q","2010-Q1",92.7,
"BEL","QGDP","VOLIDX","IDX","Q","2010-Q2",93.7,
"BEL","QGDP","VOLIDX","IDX","Q","2010-Q3",94,
"BEL","QGDP","VOLIDX","IDX","Q","2010-Q4",94.5,
"BEL","QGDP","VOLIDX","IDX","Q","2011-Q1",95,
"BEL","QGDP","VOLIDX","IDX","Q","2011-Q2",95.2,
"BEL","QGDP","VOLIDX","IDX","Q","2011-Q3",95.4,
"BEL","QGDP","VOLIDX","IDX","Q","2011-Q4",95.7,
"BEL","QGDP","VOLIDX","IDX","Q","2012-Q1",95.9,
"BEL","QGDP","VOLIDX","IDX","Q","2012-Q2",95.9,
"BEL","QGDP","VOLIDX","IDX","Q","2012-Q3",96.2,
"BEL","QGDP","VOLIDX","IDX","Q","2012-Q4",96.1,
"BEL","QGDP","VOLIDX","IDX","Q","2013-Q1",95.9,
"BEL","QGDP","VOLIDX","IDX","Q","2013-Q2",96.4,
"BEL","QGDP","VOLIDX","IDX","Q","2013-Q3",96.7,
"BEL","QGDP","VOLIDX","IDX","Q","2013-Q4",96.9,
"BEL","QGDP","VOLIDX","IDX","Q","2014-Q1",97.3,
"BEL","QGDP","VOLIDX","IDX","Q","2014-Q2",97.6,
"BEL","QGDP","VOLIDX","IDX","Q","2014-Q3",98.3,
"BEL","QGDP","VOLIDX","IDX","Q","2014-Q4",98.8,
"BEL","QGDP","VOLIDX","IDX","Q","2015-Q1",99.3,
"BEL","QGDP","VOLIDX","IDX","Q","2015-Q2",100,
"BEL","QGDP","VOLIDX","IDX","Q","2015-Q3",100.2,
"BEL","QGDP","VOLIDX","IDX","Q","2015-Q4",100.6,
"BEL","QGDP","VOLIDX","IDX","Q","2016-Q1",100.6,
"BEL","QGDP","VOLIDX","IDX","Q","2016-Q2",101.2,
"BEL","QGDP","VOLIDX","IDX","Q","2016-Q3",101.4,
"BEL","QGDP","VOLIDX","IDX","Q","2016-Q4",101.9,
"BEL","QGDP","VOLIDX","IDX","Q","2017-Q1",102.6,
"BEL","QGDP","VOLIDX","IDX","Q","2017-Q2",102.8,
"BEL","QGDP","VOLIDX","IDX","Q","2017-Q3",102.7,
"BEL","QGDP","VOLIDX","IDX","Q","2017-Q4",103.5,
"BEL","QGDP","VOLIDX","IDX","Q","2018-Q1",104,
"BEL","QGDP","VOLIDX","IDX","Q","2018-Q2",104.5,
"BEL","QGDP","VOLIDX","IDX","Q","2018-Q3",104.8,
"BEL","QGDP","VOLIDX","IDX","Q","2018-Q4",105.7,
"BEL","QGDP","VOLIDX","IDX","Q","2019-Q1",105.9,
"BEL","QGDP","VOLIDX","IDX","Q","2019-Q2",106.3,
"BEL","QGDP","VOLIDX","IDX","Q","2019-Q3",106.8,
"BEL","QGDP","VOLIDX","IDX","Q","2019-Q4",107.4,
"BEL","QGDP","VOLIDX","IDX","Q","2020-Q1",103.8,"P"
"BEL","QGDP","VOLIDX","IDX","Q","2020-Q2",91.5,"P"
"BEL","QGDP","VOLIDX","IDX","Q","2020-Q3",102.2,"P"
"BEL","QGDP","VOLIDX","IDX","Q","2020-Q4",102.2,"P"
"BEL","QGDP","VOLIDX","IDX","Q","2021-Q1",103.2,"P"
"CZE","QGDP","VOLIDX","IDX","Q","2008-Q1",93.9,
"CZE","QGDP","VOLIDX","IDX","Q","2008-Q2",94.6,
"CZE","QGDP","VOLIDX","IDX","Q","2008-Q3",94.8,
"CZE","QGDP","VOLIDX","IDX","Q","2008-Q4",93,
"CZE","QGDP","VOLIDX","IDX","Q","2009-Q1",89.8,
"CZE","QGDP","VOLIDX","IDX","Q","2009-Q2",89.5,
"CZE","QGDP","VOLIDX","IDX","Q","2009-Q3",89.9,
"CZE","QGDP","VOLIDX","IDX","Q","2009-Q4",90,
"CZE","QGDP","VOLIDX","IDX","Q","2010-Q1",90.6,
"CZE","QGDP","VOLIDX","IDX","Q","2010-Q2",91.7,
"CZE","QGDP","VOLIDX","IDX","Q","2010-Q3",92.4,
"CZE","QGDP","VOLIDX","IDX","Q","2010-Q4",92.8,
"CZE","QGDP","VOLIDX","IDX","Q","2011-Q1",93.3,
"CZE","QGDP","VOLIDX","IDX","Q","2011-Q2",93.6,
"CZE","QGDP","VOLIDX","IDX","Q","2011-Q3",93.5,
"CZE","QGDP","VOLIDX","IDX","Q","2011-Q4",93.5,
"CZE","QGDP","VOLIDX","IDX","Q","2012-Q1",93.3,
"CZE","QGDP","VOLIDX","IDX","Q","2012-Q2",92.9,
"CZE","QGDP","VOLIDX","IDX","Q","2012-Q3",92.6,
"CZE","QGDP","VOLIDX","IDX","Q","2012-Q4",92.4,
"CZE","QGDP","VOLIDX","IDX","Q","2013-Q1",92,
"CZE","QGDP","VOLIDX","IDX","Q","2013-Q2",92.4,
"CZE","QGDP","VOLIDX","IDX","Q","2013-Q3",92.7,
"CZE","QGDP","VOLIDX","IDX","Q","2013-Q4",93.9,
"CZE","QGDP","VOLIDX","IDX","Q","2014-Q1",93.3,
"CZE","QGDP","VOLIDX","IDX","Q","2014-Q2",94.3,
"CZE","QGDP","VOLIDX","IDX","Q","2014-Q3",95.4,
"CZE","QGDP","VOLIDX","IDX","Q","2014-Q4",96.5,
"CZE","QGDP","VOLIDX","IDX","Q","2015-Q1",98.3,
"CZE","QGDP","VOLIDX","IDX","Q","2015-Q2",99.7,
"CZE","QGDP","VOLIDX","IDX","Q","2015-Q3",100.8,
"CZE","QGDP","VOLIDX","IDX","Q","2015-Q4",101.4,
"CZE","QGDP","VOLIDX","IDX","Q","2016-Q1",101.6,
"CZE","QGDP","VOLIDX","IDX","Q","2016-Q2",102,
"CZE","QGDP","VOLIDX","IDX","Q","2016-Q3",102.7,
"CZE","QGDP","VOLIDX","IDX","Q","2016-Q4",103.6,
"CZE","QGDP","VOLIDX","IDX","Q","2017-Q1",105.4,
"CZE","QGDP","VOLIDX","IDX","Q","2017-Q2",108.2,
"CZE","QGDP","VOLIDX","IDX","Q","2017-Q3",108.7,
"CZE","QGDP","VOLIDX","IDX","Q","2017-Q4",109.7,
"CZE","QGDP","VOLIDX","IDX","Q","2018-Q1",110.4,
"CZE","QGDP","VOLIDX","IDX","Q","2018-Q2",111.2,
"CZE","QGDP","VOLIDX","IDX","Q","2018-Q3",111.7,
"CZE","QGDP","VOLIDX","IDX","Q","2018-Q4",112.4,
"CZE","QGDP","VOLIDX","IDX","Q","2019-Q1",113.1,
"CZE","QGDP","VOLIDX","IDX","Q","2019-Q2",113.7,
"CZE","QGDP","VOLIDX","IDX","Q","2019-Q3",114.2,
"CZE","QGDP","VOLIDX","IDX","Q","2019-Q4",114.7,
"CZE","QGDP","VOLIDX","IDX","Q","2020-Q1",111.1,
"CZE","QGDP","VOLIDX","IDX","Q","2020-Q2",101.5,
"CZE","QGDP","VOLIDX","IDX","Q","2020-Q3",108.4,
"CZE","QGDP","VOLIDX","IDX","Q","2020-Q4",109.1,
"CZE","QGDP","VOLIDX","IDX","Q","2021-Q1",108.8,
"DNK","QGDP","VOLIDX","IDX","Q","2008-Q1",98.360938,
"DNK","QGDP","VOLIDX","IDX","Q","2008-Q2",97.453377,
"DNK","QGDP","VOLIDX","IDX","Q","2008-Q3",96.884116,
"DNK","QGDP","VOLIDX","IDX","Q","2008-Q4",94.596217,
"DNK","QGDP","VOLIDX","IDX","Q","2009-Q1",93.249689,
"DNK","QGDP","VOLIDX","IDX","Q","2009-Q2",91.442192,
"DNK","QGDP","VOLIDX","IDX","Q","2009-Q3",91.758365,
"DNK","QGDP","VOLIDX","IDX","Q","2009-Q4",91.84163,
"DNK","QGDP","VOLIDX","IDX","Q","2010-Q1",92.634745,
"DNK","QGDP","VOLIDX","IDX","Q","2010-Q2",93.267921,
"DNK","QGDP","VOLIDX","IDX","Q","2010-Q3",94.746565,
"DNK","QGDP","VOLIDX","IDX","Q","2010-Q4",94.533338,
"DNK","QGDP","VOLIDX","IDX","Q","2011-Q1",94.739273,
"DNK","QGDP","VOLIDX","IDX","Q","2011-Q2",95.68887,
"DNK","QGDP","VOLIDX","IDX","Q","2011-Q3",94.498781,
"DNK","QGDP","VOLIDX","IDX","Q","2011-Q4",95.271014,
"DNK","QGDP","VOLIDX","IDX","Q","2012-Q1",95.204841,
"DNK","QGDP","VOLIDX","IDX","Q","2012-Q2",95.276483,
"DNK","QGDP","VOLIDX","IDX","Q","2012-Q3",95.365942,
"DNK","QGDP","VOLIDX","IDX","Q","2012-Q4",95.211802,
"DNK","QGDP","VOLIDX","IDX","Q","2013-Q1",95.74864,
"DNK","QGDP","VOLIDX","IDX","Q","2013-Q2",95.819764,
"DNK","QGDP","VOLIDX","IDX","Q","2013-Q3",96.426669,
"DNK","QGDP","VOLIDX","IDX","Q","2013-Q4",96.620587,
"DNK","QGDP","VOLIDX","IDX","Q","2014-Q1",96.865284,
"DNK","QGDP","VOLIDX","IDX","Q","2014-Q2",96.795113,
"DNK","QGDP","VOLIDX","IDX","Q","2014-Q3",98.415343,
"DNK","QGDP","VOLIDX","IDX","Q","2014-Q4",98.768352,
"DNK","QGDP","VOLIDX","IDX","Q","2015-Q1",99.444599,
"DNK","QGDP","VOLIDX","IDX","Q","2015-Q2",99.909774,
"DNK","QGDP","VOLIDX","IDX","Q","2015-Q3",100.211155,
"DNK","QGDP","VOLIDX","IDX","Q","2015-Q4",100.434451,
"DNK","QGDP","VOLIDX","IDX","Q","2016-Q1",101.591515,
"DNK","QGDP","VOLIDX","IDX","Q","2016-Q2",102.96568,
"DNK","QGDP","VOLIDX","IDX","Q","2016-Q3",103.839222,
"DNK","QGDP","VOLIDX","IDX","Q","2016-Q4",104.587381,
"DNK","QGDP","VOLIDX","IDX","Q","2017-Q1",105.3,
"DNK","QGDP","VOLIDX","IDX","Q","2017-Q2",106.4,
"DNK","QGDP","VOLIDX","IDX","Q","2017-Q3",106.1,
"DNK","QGDP","VOLIDX","IDX","Q","2017-Q4",106.9,
"DNK","QGDP","VOLIDX","IDX","Q","2018-Q1",107.5,
"DNK","QGDP","VOLIDX","IDX","Q","2018-Q2",108,
"DNK","QGDP","VOLIDX","IDX","Q","2018-Q3",108.8,
"DNK","QGDP","VOLIDX","IDX","Q","2018-Q4",109.5,
"DNK","QGDP","VOLIDX","IDX","Q","2019-Q1",110.4,
"DNK","QGDP","VOLIDX","IDX","Q","2019-Q2",111.6,
"DNK","QGDP","VOLIDX","IDX","Q","2019-Q3",112.1,
"DNK","QGDP","VOLIDX","IDX","Q","2019-Q4",112.2,
"DNK","QGDP","VOLIDX","IDX","Q","2020-Q1",110.6,
"DNK","QGDP","VOLIDX","IDX","Q","2020-Q2",103.3,
"DNK","QGDP","VOLIDX","IDX","Q","2020-Q3",109.6,
"DNK","QGDP","VOLIDX","IDX","Q","2020-Q4",110.6,
"DNK","QGDP","VOLIDX","IDX","Q","2021-Q1",109.1,
"FIN","QGDP","VOLIDX","IDX","Q","2008-Q1",106,
"FIN","QGDP","VOLIDX","IDX","Q","2008-Q2",105.2,
"FIN","QGDP","VOLIDX","IDX","Q","2008-Q3",105.6,
"FIN","QGDP","VOLIDX","IDX","Q","2008-Q4",103.3,
"FIN","QGDP","VOLIDX","IDX","Q","2009-Q1",96.6,
"FIN","QGDP","VOLIDX","IDX","Q","2009-Q2",96.2,
"FIN","QGDP","VOLIDX","IDX","Q","2009-Q3",97.1,
"FIN","QGDP","VOLIDX","IDX","Q","2009-Q4",96.3,
"FIN","QGDP","VOLIDX","IDX","Q","2010-Q1",97.3,
"FIN","QGDP","VOLIDX","IDX","Q","2010-Q2",100,
"FIN","QGDP","VOLIDX","IDX","Q","2010-Q3",99.5,
"FIN","QGDP","VOLIDX","IDX","Q","2010-Q4",101.7,
"FIN","QGDP","VOLIDX","IDX","Q","2011-Q1",102.2,
"FIN","QGDP","VOLIDX","IDX","Q","2011-Q2",102,
"FIN","QGDP","VOLIDX","IDX","Q","2011-Q3",102.2,
"FIN","QGDP","VOLIDX","IDX","Q","2011-Q4",102.2,
"FIN","QGDP","VOLIDX","IDX","Q","2012-Q1",101.7,
"FIN","QGDP","VOLIDX","IDX","Q","2012-Q2",100.7,
"FIN","QGDP","VOLIDX","IDX","Q","2012-Q3",100.3,
"FIN","QGDP","VOLIDX","IDX","Q","2012-Q4",100.2,
"FIN","QGDP","VOLIDX","IDX","Q","2013-Q1",99.4,
"FIN","QGDP","VOLIDX","IDX","Q","2013-Q2",99.8,
"FIN","QGDP","VOLIDX","IDX","Q","2013-Q3",100.1,
"FIN","QGDP","VOLIDX","IDX","Q","2013-Q4",100,
"FIN","QGDP","VOLIDX","IDX","Q","2014-Q1",99.2,
"FIN","QGDP","VOLIDX","IDX","Q","2014-Q2",99.4,
"FIN","QGDP","VOLIDX","IDX","Q","2014-Q3",99.7,
"FIN","QGDP","VOLIDX","IDX","Q","2014-Q4",99.5,
"FIN","QGDP","VOLIDX","IDX","Q","2015-Q1",98.8,
"FIN","QGDP","VOLIDX","IDX","Q","2015-Q2",100.3,
"FIN","QGDP","VOLIDX","IDX","Q","2015-Q3",100.2,
"FIN","QGDP","VOLIDX","IDX","Q","2015-Q4",100.7,
"FIN","QGDP","VOLIDX","IDX","Q","2016-Q1",102,
"FIN","QGDP","VOLIDX","IDX","Q","2016-Q2",102.1,
"FIN","QGDP","VOLIDX","IDX","Q","2016-Q3",103.3,
"FIN","QGDP","VOLIDX","IDX","Q","2016-Q4",103.8,
"FIN","QGDP","VOLIDX","IDX","Q","2017-Q1",104.9,
"FIN","QGDP","VOLIDX","IDX","Q","2017-Q2",106,
"FIN","QGDP","VOLIDX","IDX","Q","2017-Q3",106.3,
"FIN","QGDP","VOLIDX","IDX","Q","2017-Q4",107.2,
"FIN","QGDP","VOLIDX","IDX","Q","2018-Q1",107.6,
"FIN","QGDP","VOLIDX","IDX","Q","2018-Q2",107.5,
"FIN","QGDP","VOLIDX","IDX","Q","2018-Q3",107.3,
"FIN","QGDP","VOLIDX","IDX","Q","2018-Q4",107.6,
"FIN","QGDP","VOLIDX","IDX","Q","2019-Q1",108.6,
"FIN","QGDP","VOLIDX","IDX","Q","2019-Q2",109.4,
"FIN","QGDP","VOLIDX","IDX","Q","2019-Q3",109.1,
"FIN","QGDP","VOLIDX","IDX","Q","2019-Q4",108.4,
"FIN","QGDP","VOLIDX","IDX","Q","2020-Q1",108,
"FIN","QGDP","VOLIDX","IDX","Q","2020-Q2",102.9,
"FIN","QGDP","VOLIDX","IDX","Q","2020-Q3",106.2,
"FIN","QGDP","VOLIDX","IDX","Q","2020-Q4",106.6,
"FIN","QGDP","VOLIDX","IDX","Q","2021-Q1",106.5,
"FRA","QGDP","VOLIDX","IDX","Q","2008-Q1",96.7,
"FRA","QGDP","VOLIDX","IDX","Q","2008-Q2",96.2,
"FRA","QGDP","VOLIDX","IDX","Q","2008-Q3",96,
"FRA","QGDP","VOLIDX","IDX","Q","2008-Q4",94.6,
"FRA","QGDP","VOLIDX","IDX","Q","2009-Q1",93,
"FRA","QGDP","VOLIDX","IDX","Q","2009-Q2",93,
"FRA","QGDP","VOLIDX","IDX","Q","2009-Q3",93.1,
"FRA","QGDP","VOLIDX","IDX","Q","2009-Q4",93.8,
"FRA","QGDP","VOLIDX","IDX","Q","2010-Q1",94.1,
"FRA","QGDP","VOLIDX","IDX","Q","2010-Q2",94.6,
"FRA","QGDP","VOLIDX","IDX","Q","2010-Q3",95.2,
"FRA","QGDP","VOLIDX","IDX","Q","2010-Q4",95.9,
"FRA","QGDP","VOLIDX","IDX","Q","2011-Q1",96.8,
"FRA","QGDP","VOLIDX","IDX","Q","2011-Q2",96.8,
"FRA","QGDP","VOLIDX","IDX","Q","2011-Q3",97.2,
"FRA","QGDP","VOLIDX","IDX","Q","2011-Q4",97.4,
"FRA","QGDP","VOLIDX","IDX","Q","2012-Q1",97.5,
"FRA","QGDP","VOLIDX","IDX","Q","2012-Q2",97.3,
"FRA","QGDP","VOLIDX","IDX","Q","2012-Q3",97.5,
"FRA","QGDP","VOLIDX","IDX","Q","2012-Q4",97.4,
"FRA","QGDP","VOLIDX","IDX","Q","2013-Q1",97.4,
"FRA","QGDP","VOLIDX","IDX","Q","2013-Q2",98,
"FRA","QGDP","VOLIDX","IDX","Q","2013-Q3",98.1,
"FRA","QGDP","VOLIDX","IDX","Q","2013-Q4",98.5,
"FRA","QGDP","VOLIDX","IDX","Q","2014-Q1",98.6,
"FRA","QGDP","VOLIDX","IDX","Q","2014-Q2",98.7,
"FRA","QGDP","VOLIDX","IDX","Q","2014-Q3",99.2,
"FRA","QGDP","VOLIDX","IDX","Q","2014-Q4",99.3,
"FRA","QGDP","VOLIDX","IDX","Q","2015-Q1",99.8,
"FRA","QGDP","VOLIDX","IDX","Q","2015-Q2",99.8,
"FRA","QGDP","VOLIDX","IDX","Q","2015-Q3",100.1,
"FRA","QGDP","VOLIDX","IDX","Q","2015-Q4",100.3,
"FRA","QGDP","VOLIDX","IDX","Q","2016-Q1",100.9,
"FRA","QGDP","VOLIDX","IDX","Q","2016-Q2",100.7,
"FRA","QGDP","VOLIDX","IDX","Q","2016-Q3",101,
"FRA","QGDP","VOLIDX","IDX","Q","2016-Q4",101.5,
"FRA","QGDP","VOLIDX","IDX","Q","2017-Q1",102.3,
"FRA","QGDP","VOLIDX","IDX","Q","2017-Q2",103.2,
"FRA","QGDP","VOLIDX","IDX","Q","2017-Q3",103.8,
"FRA","QGDP","VOLIDX","IDX","Q","2017-Q4",104.7,
"FRA","QGDP","VOLIDX","IDX","Q","2018-Q1",104.7,
"FRA","QGDP","VOLIDX","IDX","Q","2018-Q2",105.1,
"FRA","QGDP","VOLIDX","IDX","Q","2018-Q3",105.6,
"FRA","QGDP","VOLIDX","IDX","Q","2018-Q4",106.2,
"FRA","QGDP","VOLIDX","IDX","Q","2019-Q1",106.9,
"FRA","QGDP","VOLIDX","IDX","Q","2019-Q2",107.5,
"FRA","QGDP","VOLIDX","IDX","Q","2019-Q3",107.7,
"FRA","QGDP","VOLIDX","IDX","Q","2019-Q4",107.3,
"FRA","QGDP","VOLIDX","IDX","Q","2020-Q1",101,
"FRA","QGDP","VOLIDX","IDX","Q","2020-Q2",87.7,
"FRA","QGDP","VOLIDX","IDX","Q","2020-Q3",103.9,
"FRA","QGDP","VOLIDX","IDX","Q","2020-Q4",102.4,
"FRA","QGDP","VOLIDX","IDX","Q","2021-Q1",102.2,
"DEU","QGDP","VOLIDX","IDX","Q","2008-Q1",94.3,
"DEU","QGDP","VOLIDX","IDX","Q","2008-Q2",94.1,
"DEU","QGDP","VOLIDX","IDX","Q","2008-Q3",93.5,
"DEU","QGDP","VOLIDX","IDX","Q","2008-Q4",92,
"DEU","QGDP","VOLIDX","IDX","Q","2009-Q1",87.7,
"DEU","QGDP","VOLIDX","IDX","Q","2009-Q2",87.8,
"DEU","QGDP","VOLIDX","IDX","Q","2009-Q3",88.3,
"DEU","QGDP","VOLIDX","IDX","Q","2009-Q4",89,
"DEU","QGDP","VOLIDX","IDX","Q","2010-Q1",89.7,
"DEU","QGDP","VOLIDX","IDX","Q","2010-Q2",91.7,
"DEU","QGDP","VOLIDX","IDX","Q","2010-Q3",92.5,
"DEU","QGDP","VOLIDX","IDX","Q","2010-Q4",93.2,
"DEU","QGDP","VOLIDX","IDX","Q","2011-Q1",95,
"DEU","QGDP","VOLIDX","IDX","Q","2011-Q2",95.1,
"DEU","QGDP","VOLIDX","IDX","Q","2011-Q3",95.9,
"DEU","QGDP","VOLIDX","IDX","Q","2011-Q4",95.6,
"DEU","QGDP","VOLIDX","IDX","Q","2012-Q1",95.8,
"DEU","QGDP","VOLIDX","IDX","Q","2012-Q2",96,
"DEU","QGDP","VOLIDX","IDX","Q","2012-Q3",96.3,
"DEU","QGDP","VOLIDX","IDX","Q","2012-Q4",95.9,
"DEU","QGDP","VOLIDX","IDX","Q","2013-Q1",95.4,
"DEU","QGDP","VOLIDX","IDX","Q","2013-Q2",96.5,
"DEU","QGDP","VOLIDX","IDX","Q","2013-Q3",97,
"DEU","QGDP","VOLIDX","IDX","Q","2013-Q4",97.3,
"DEU","QGDP","VOLIDX","IDX","Q","2014-Q1",98.2,
"DEU","QGDP","VOLIDX","IDX","Q","2014-Q2",98.2,
"DEU","QGDP","VOLIDX","IDX","Q","2014-Q3",98.7,
"DEU","QGDP","VOLIDX","IDX","Q","2014-Q4",99.5,
"DEU","QGDP","VOLIDX","IDX","Q","2015-Q1",99,
"DEU","QGDP","VOLIDX","IDX","Q","2015-Q2",99.7,
"DEU","QGDP","VOLIDX","IDX","Q","2015-Q3",100.2,
"DEU","QGDP","VOLIDX","IDX","Q","2015-Q4",100.6,
"DEU","QGDP","VOLIDX","IDX","Q","2016-Q1",101.5,
"DEU","QGDP","VOLIDX","IDX","Q","2016-Q2",101.9,
"DEU","QGDP","VOLIDX","IDX","Q","2016-Q3",102.2,
"DEU","QGDP","VOLIDX","IDX","Q","2016-Q4",102.5,
"DEU","QGDP","VOLIDX","IDX","Q","2017-Q1",103.8,
"DEU","QGDP","VOLIDX","IDX","Q","2017-Q2",104.5,
"DEU","QGDP","VOLIDX","IDX","Q","2017-Q3",105.4,
"DEU","QGDP","VOLIDX","IDX","Q","2017-Q4",106.3,
"DEU","QGDP","VOLIDX","IDX","Q","2018-Q1",106.1,
"DEU","QGDP","VOLIDX","IDX","Q","2018-Q2",106.6,
"DEU","QGDP","VOLIDX","IDX","Q","2018-Q3",106.2,
"DEU","QGDP","VOLIDX","IDX","Q","2018-Q4",106.6,
"DEU","QGDP","VOLIDX","IDX","Q","2019-Q1",107.2,
"DEU","QGDP","VOLIDX","IDX","Q","2019-Q2",106.7,
"DEU","QGDP","VOLIDX","IDX","Q","2019-Q3",107,
"DEU","QGDP","VOLIDX","IDX","Q","2019-Q4",107,
"DEU","QGDP","VOLIDX","IDX","Q","2020-Q1",104.9,"P"
"DEU","QGDP","VOLIDX","IDX","Q","2020-Q2",94.7,"P"
"DEU","QGDP","VOLIDX","IDX","Q","2020-Q3",102.9,"P"
"DEU","QGDP","VOLIDX","IDX","Q","2020-Q4",103.5,"P"
"DEU","QGDP","VOLIDX","IDX","Q","2021-Q1",101.6,"P"
"GRC","QGDP","VOLIDX","IDX","Q","2008-Q1",143.2,
"GRC","QGDP","VOLIDX","IDX","Q","2008-Q2",142.2,
"GRC","QGDP","VOLIDX","IDX","Q","2008-Q3",142.1,
"GRC","QGDP","VOLIDX","IDX","Q","2008-Q4",140.1,
"GRC","QGDP","VOLIDX","IDX","Q","2009-Q1",133.5,
"GRC","QGDP","VOLIDX","IDX","Q","2009-Q2",137.2,
"GRC","QGDP","VOLIDX","IDX","Q","2009-Q3",136.2,
"GRC","QGDP","VOLIDX","IDX","Q","2009-Q4",136.4,
"GRC","QGDP","VOLIDX","IDX","Q","2010-Q1",128.5,"B"
"GRC","QGDP","VOLIDX","IDX","Q","2010-Q2",124.2,"B"
"GRC","QGDP","VOLIDX","IDX","Q","2010-Q3",120.3,"B"
"GRC","QGDP","VOLIDX","IDX","Q","2010-Q4",118.8,"B"
"GRC","QGDP","VOLIDX","IDX","Q","2011-Q1",114.5,"P"
"GRC","QGDP","VOLIDX","IDX","Q","2011-Q2",112.2,"P"
"GRC","QGDP","VOLIDX","IDX","Q","2011-Q3",110,"P"
"GRC","QGDP","VOLIDX","IDX","Q","2011-Q4",105.5,"P"
"GRC","QGDP","VOLIDX","IDX","Q","2012-Q1",104.8,"P"
"GRC","QGDP","VOLIDX","IDX","Q","2012-Q2",103,"P"
"GRC","QGDP","VOLIDX","IDX","Q","2012-Q3",101.5,"P"
"GRC","QGDP","VOLIDX","IDX","Q","2012-Q4",101,"P"
"GRC","QGDP","VOLIDX","IDX","Q","2013-Q1",99.8,"P"
"GRC","QGDP","VOLIDX","IDX","Q","2013-Q2",99.9,"P"
"GRC","QGDP","VOLIDX","IDX","Q","2013-Q3",99.8,"P"
"GRC","QGDP","VOLIDX","IDX","Q","2013-Q4",100.2,"P"
"GRC","QGDP","VOLIDX","IDX","Q","2014-Q1",100.8,"P"
"GRC","QGDP","VOLIDX","IDX","Q","2014-Q2",100.5,"P"
"GRC","QGDP","VOLIDX","IDX","Q","2014-Q3",101.2,"P"
"GRC","QGDP","VOLIDX","IDX","Q","2014-Q4",100.3,"P"
"GRC","QGDP","VOLIDX","IDX","Q","2015-Q1",100.6,"P"
"GRC","QGDP","VOLIDX","IDX","Q","2015-Q2",100.5,"P"
"GRC","QGDP","VOLIDX","IDX","Q","2015-Q3",98.9,"P"
"GRC","QGDP","VOLIDX","IDX","Q","2015-Q4",100,"P"
"GRC","QGDP","VOLIDX","IDX","Q","2016-Q1",99.4,"P"
"GRC","QGDP","VOLIDX","IDX","Q","2016-Q2",99.1,"P"
"GRC","QGDP","VOLIDX","IDX","Q","2016-Q3",99.6,"P"
"GRC","QGDP","VOLIDX","IDX","Q","2016-Q4",100,"P"
"GRC","QGDP","VOLIDX","IDX","Q","2017-Q1",99.9,"P"
"GRC","QGDP","VOLIDX","IDX","Q","2017-Q2",100.7,"P"
"GRC","QGDP","VOLIDX","IDX","Q","2017-Q3",101.5,"P"
"GRC","QGDP","VOLIDX","IDX","Q","2017-Q4",101.1,"P"
"GRC","QGDP","VOLIDX","IDX","Q","2018-Q1",101.9,"P"
"GRC","QGDP","VOLIDX","IDX","Q","2018-Q2",102.1,"P"
"GRC","QGDP","VOLIDX","IDX","Q","2018-Q3",102.2,"P"
"GRC","QGDP","VOLIDX","IDX","Q","2018-Q4",102.8,"P"
"GRC","QGDP","VOLIDX","IDX","Q","2019-Q1",103.8,"P"
"GRC","QGDP","VOLIDX","IDX","Q","2019-Q2",104.4,"P"
"GRC","QGDP","VOLIDX","IDX","Q","2019-Q3",103.8,"P"
"GRC","QGDP","VOLIDX","IDX","Q","2019-Q4",103.7,"P"
"GRC","QGDP","VOLIDX","IDX","Q","2020-Q1",103.3,"P"
"GRC","QGDP","VOLIDX","IDX","Q","2020-Q2",90,"P"
"GRC","QGDP","VOLIDX","IDX","Q","2020-Q3",93.4,"P"
"GRC","QGDP","VOLIDX","IDX","Q","2020-Q4",96.6,"P"
"GRC","QGDP","VOLIDX","IDX","Q","2021-Q1",100.9,"P"
"HUN","QGDP","VOLIDX","IDX","Q","2008-Q1",96.1,
"HUN","QGDP","VOLIDX","IDX","Q","2008-Q2",96.7,
"HUN","QGDP","VOLIDX","IDX","Q","2008-Q3",96.5,
"HUN","QGDP","VOLIDX","IDX","Q","2008-Q4",93.2,
"HUN","QGDP","VOLIDX","IDX","Q","2009-Q1",89.2,
"HUN","QGDP","VOLIDX","IDX","Q","2009-Q2",89.2,
"HUN","QGDP","VOLIDX","IDX","Q","2009-Q3",89.2,
"HUN","QGDP","VOLIDX","IDX","Q","2009-Q4",89.3,
"HUN","QGDP","VOLIDX","IDX","Q","2010-Q1",89.2,
"HUN","QGDP","VOLIDX","IDX","Q","2010-Q2",90,
"HUN","QGDP","VOLIDX","IDX","Q","2010-Q3",90.8,
"HUN","QGDP","VOLIDX","IDX","Q","2010-Q4",90.6,
"HUN","QGDP","VOLIDX","IDX","Q","2011-Q1",91.5,
"HUN","QGDP","VOLIDX","IDX","Q","2011-Q2",91.5,
"HUN","QGDP","VOLIDX","IDX","Q","2011-Q3",91.8,
"HUN","QGDP","VOLIDX","IDX","Q","2011-Q4",92.8,
"HUN","QGDP","VOLIDX","IDX","Q","2012-Q1",91.1,
"HUN","QGDP","VOLIDX","IDX","Q","2012-Q2",90.6,
"HUN","QGDP","VOLIDX","IDX","Q","2012-Q3",90.7,
"HUN","QGDP","VOLIDX","IDX","Q","2012-Q4",90.7,
"HUN","QGDP","VOLIDX","IDX","Q","2013-Q1",90.9,
"HUN","QGDP","VOLIDX","IDX","Q","2013-Q2",91.8,
"HUN","QGDP","VOLIDX","IDX","Q","2013-Q3",93.2,
"HUN","QGDP","VOLIDX","IDX","Q","2013-Q4",94,
"HUN","QGDP","VOLIDX","IDX","Q","2014-Q1",94.8,
"HUN","QGDP","VOLIDX","IDX","Q","2014-Q2",96,
"HUN","QGDP","VOLIDX","IDX","Q","2014-Q3",96.9,
"HUN","QGDP","VOLIDX","IDX","Q","2014-Q4",97.5,
"HUN","QGDP","VOLIDX","IDX","Q","2015-Q1",99.2,
"HUN","QGDP","VOLIDX","IDX","Q","2015-Q2",99.4,
"HUN","QGDP","VOLIDX","IDX","Q","2015-Q3",100.1,
"HUN","QGDP","VOLIDX","IDX","Q","2015-Q4",101.2,
"HUN","QGDP","VOLIDX","IDX","Q","2016-Q1",100.5,
"HUN","QGDP","VOLIDX","IDX","Q","2016-Q2",102,
"HUN","QGDP","VOLIDX","IDX","Q","2016-Q3",102.4,
"HUN","QGDP","VOLIDX","IDX","Q","2016-Q4",103.3,
"HUN","QGDP","VOLIDX","IDX","Q","2017-Q1",104.9,
"HUN","QGDP","VOLIDX","IDX","Q","2017-Q2",106.1,
"HUN","QGDP","VOLIDX","IDX","Q","2017-Q3",106.9,
"HUN","QGDP","VOLIDX","IDX","Q","2017-Q4",108.6,
"HUN","QGDP","VOLIDX","IDX","Q","2018-Q1",110.5,
"HUN","QGDP","VOLIDX","IDX","Q","2018-Q2",111.7,
"HUN","QGDP","VOLIDX","IDX","Q","2018-Q3",112.9,
"HUN","QGDP","VOLIDX","IDX","Q","2018-Q4",114.5,
"HUN","QGDP","VOLIDX","IDX","Q","2019-Q1",116.4,
"HUN","QGDP","VOLIDX","IDX","Q","2019-Q2",117.2,
"HUN","QGDP","VOLIDX","IDX","Q","2019-Q3",117.6,
"HUN","QGDP","VOLIDX","IDX","Q","2019-Q4",119.3,
"HUN","QGDP","VOLIDX","IDX","Q","2020-Q1",118.8,
"HUN","QGDP","VOLIDX","IDX","Q","2020-Q2",101.6,
"HUN","QGDP","VOLIDX","IDX","Q","2020-Q3",111.4,
"HUN","QGDP","VOLIDX","IDX","Q","2020-Q4",114.6,
"HUN","QGDP","VOLIDX","IDX","Q","2021-Q1",116.9,
"IRL","QGDP","VOLIDX","IDX","Q","2008-Q1",76.6,
"IRL","QGDP","VOLIDX","IDX","Q","2008-Q2",75,
"IRL","QGDP","VOLIDX","IDX","Q","2008-Q3",75,
"IRL","QGDP","VOLIDX","IDX","Q","2008-Q4",71.6,
"IRL","QGDP","VOLIDX","IDX","Q","2009-Q1",71.4,
"IRL","QGDP","VOLIDX","IDX","Q","2009-Q2",71.2,
"IRL","QGDP","VOLIDX","IDX","Q","2009-Q3",70.8,
"IRL","QGDP","VOLIDX","IDX","Q","2009-Q4",69.8,
"IRL","QGDP","VOLIDX","IDX","Q","2010-Q1",71.5,
"IRL","QGDP","VOLIDX","IDX","Q","2010-Q2",71.6,
"IRL","QGDP","VOLIDX","IDX","Q","2010-Q3",72.2,
"IRL","QGDP","VOLIDX","IDX","Q","2010-Q4",72,
"IRL","QGDP","VOLIDX","IDX","Q","2011-Q1",71.9,
"IRL","QGDP","VOLIDX","IDX","Q","2011-Q2",72.7,
"IRL","QGDP","VOLIDX","IDX","Q","2011-Q3",71.8,
"IRL","QGDP","VOLIDX","IDX","Q","2011-Q4",72.3,
"IRL","QGDP","VOLIDX","IDX","Q","2012-Q1",71.6,
"IRL","QGDP","VOLIDX","IDX","Q","2012-Q2",72.6,
"IRL","QGDP","VOLIDX","IDX","Q","2012-Q3",71.7,
"IRL","QGDP","VOLIDX","IDX","Q","2012-Q4",72.6,
"IRL","QGDP","VOLIDX","IDX","Q","2013-Q1",71.1,
"IRL","QGDP","VOLIDX","IDX","Q","2013-Q2",72.8,
"IRL","QGDP","VOLIDX","IDX","Q","2013-Q3",74.5,
"IRL","QGDP","VOLIDX","IDX","Q","2013-Q4",74.4,
"IRL","QGDP","VOLIDX","IDX","Q","2014-Q1",77,
"IRL","QGDP","VOLIDX","IDX","Q","2014-Q2",79.8,
"IRL","QGDP","VOLIDX","IDX","Q","2014-Q3",80.1,
"IRL","QGDP","VOLIDX","IDX","Q","2014-Q4",81,
"IRL","QGDP","VOLIDX","IDX","Q","2015-Q1",99.2,
"IRL","QGDP","VOLIDX","IDX","Q","2015-Q2",97.3,
"IRL","QGDP","VOLIDX","IDX","Q","2015-Q3",99.7,
"IRL","QGDP","VOLIDX","IDX","Q","2015-Q4",102.2,
"IRL","QGDP","VOLIDX","IDX","Q","2016-Q1",97.3,
"IRL","QGDP","VOLIDX","IDX","Q","2016-Q2",99.2,
"IRL","QGDP","VOLIDX","IDX","Q","2016-Q3",97.8,
"IRL","QGDP","VOLIDX","IDX","Q","2016-Q4",112,
"IRL","QGDP","VOLIDX","IDX","Q","2017-Q1",104.9,
"IRL","QGDP","VOLIDX","IDX","Q","2017-Q2",107.4,
"IRL","QGDP","VOLIDX","IDX","Q","2017-Q3",113.1,
"IRL","QGDP","VOLIDX","IDX","Q","2017-Q4",119.3,
"IRL","QGDP","VOLIDX","IDX","Q","2018-Q1",117.6,
"IRL","QGDP","VOLIDX","IDX","Q","2018-Q2",121.4,
"IRL","QGDP","VOLIDX","IDX","Q","2018-Q3",121.4,
"IRL","QGDP","VOLIDX","IDX","Q","2018-Q4",124.1,
"IRL","QGDP","VOLIDX","IDX","Q","2019-Q1",122.6,
"IRL","QGDP","VOLIDX","IDX","Q","2019-Q2",128.7,
"IRL","QGDP","VOLIDX","IDX","Q","2019-Q3",128.2,
"IRL","QGDP","VOLIDX","IDX","Q","2019-Q4",133.6,
"IRL","QGDP","VOLIDX","IDX","Q","2020-Q1",127.6,
"IRL","QGDP","VOLIDX","IDX","Q","2020-Q2",125.3,
"IRL","QGDP","VOLIDX","IDX","Q","2020-Q3",139.7,
"IRL","QGDP","VOLIDX","IDX","Q","2020-Q4",133.5,
"IRL","QGDP","VOLIDX","IDX","Q","2021-Q1",143.9,
"ITA","QGDP","VOLIDX","IDX","Q","2008-Q1",109.4,
"ITA","QGDP","VOLIDX","IDX","Q","2008-Q2",108.4,
"ITA","QGDP","VOLIDX","IDX","Q","2008-Q3",107.1,
"ITA","QGDP","VOLIDX","IDX","Q","2008-Q4",104.5,
"ITA","QGDP","VOLIDX","IDX","Q","2009-Q1",101.6,
"ITA","QGDP","VOLIDX","IDX","Q","2009-Q2",101.3,
"ITA","QGDP","VOLIDX","IDX","Q","2009-Q3",101.7,
"ITA","QGDP","VOLIDX","IDX","Q","2009-Q4",102,
"ITA","QGDP","VOLIDX","IDX","Q","2010-Q1",102.4,
"ITA","QGDP","VOLIDX","IDX","Q","2010-Q2",103.2,
"ITA","QGDP","VOLIDX","IDX","Q","2010-Q3",103.6,
"ITA","QGDP","VOLIDX","IDX","Q","2010-Q4",104.2,
"ITA","QGDP","VOLIDX","IDX","Q","2011-Q1",104.6,
"ITA","QGDP","VOLIDX","IDX","Q","2011-Q2",104.7,
"ITA","QGDP","VOLIDX","IDX","Q","2011-Q3",104.2,
"ITA","QGDP","VOLIDX","IDX","Q","2011-Q4",103.3,
"ITA","QGDP","VOLIDX","IDX","Q","2012-Q1",102.1,
"ITA","QGDP","VOLIDX","IDX","Q","2012-Q2",101.4,
"ITA","QGDP","VOLIDX","IDX","Q","2012-Q3",100.8,
"ITA","QGDP","VOLIDX","IDX","Q","2012-Q4",100.1,
"ITA","QGDP","VOLIDX","IDX","Q","2013-Q1",99.2,
"ITA","QGDP","VOLIDX","IDX","Q","2013-Q2",99.1,
"ITA","QGDP","VOLIDX","IDX","Q","2013-Q3",99.4,
"ITA","QGDP","VOLIDX","IDX","Q","2013-Q4",99.2,
"ITA","QGDP","VOLIDX","IDX","Q","2014-Q1",99.3,
"ITA","QGDP","VOLIDX","IDX","Q","2014-Q2",99.3,
"ITA","QGDP","VOLIDX","IDX","Q","2014-Q3",99.4,
"ITA","QGDP","VOLIDX","IDX","Q","2014-Q4",99.2,
"ITA","QGDP","VOLIDX","IDX","Q","2015-Q1",99.4,
"ITA","QGDP","VOLIDX","IDX","Q","2015-Q2",99.8,
"ITA","QGDP","VOLIDX","IDX","Q","2015-Q3",100,
"ITA","QGDP","VOLIDX","IDX","Q","2015-Q4",100.5,
"ITA","QGDP","VOLIDX","IDX","Q","2016-Q1",100.8,
"ITA","QGDP","VOLIDX","IDX","Q","2016-Q2",101,
"ITA","QGDP","VOLIDX","IDX","Q","2016-Q3",101.6,
"ITA","QGDP","VOLIDX","IDX","Q","2016-Q4",101.9,
"ITA","QGDP","VOLIDX","IDX","Q","2017-Q1",102.4,
"ITA","QGDP","VOLIDX","IDX","Q","2017-Q2",102.9,
"ITA","QGDP","VOLIDX","IDX","Q","2017-Q3",103.3,
"ITA","QGDP","VOLIDX","IDX","Q","2017-Q4",103.8,
"ITA","QGDP","VOLIDX","IDX","Q","2018-Q1",103.8,
"ITA","QGDP","VOLIDX","IDX","Q","2018-Q2",103.9,
"ITA","QGDP","VOLIDX","IDX","Q","2018-Q3",103.9,
"ITA","QGDP","VOLIDX","IDX","Q","2018-Q4",104.1,
"ITA","QGDP","VOLIDX","IDX","Q","2019-Q1",104.2,
"ITA","QGDP","VOLIDX","IDX","Q","2019-Q2",104.3,
"ITA","QGDP","VOLIDX","IDX","Q","2019-Q3",104.4,
"ITA","QGDP","VOLIDX","IDX","Q","2019-Q4",104,
"ITA","QGDP","VOLIDX","IDX","Q","2020-Q1",98.1,
"ITA","QGDP","VOLIDX","IDX","Q","2020-Q2",85.4,
"ITA","QGDP","VOLIDX","IDX","Q","2020-Q3",99,
"ITA","QGDP","VOLIDX","IDX","Q","2020-Q4",97.2,
"ITA","QGDP","VOLIDX","IDX","Q","2021-Q1",97.4,
"LUX","QGDP","VOLIDX","IDX","Q","2008-Q1",88,"P"
"LUX","QGDP","VOLIDX","IDX","Q","2008-Q2",87.5,"P"
"LUX","QGDP","VOLIDX","IDX","Q","2008-Q3",86.7,"P"
"LUX","QGDP","VOLIDX","IDX","Q","2008-Q4",83.9,"P"
"LUX","QGDP","VOLIDX","IDX","Q","2009-Q1",82.8,"P"
"LUX","QGDP","VOLIDX","IDX","Q","2009-Q2",81.3,"P"
"LUX","QGDP","VOLIDX","IDX","Q","2009-Q3",82.7,"P"
"LUX","QGDP","VOLIDX","IDX","Q","2009-Q4",84.2,"P"
"LUX","QGDP","VOLIDX","IDX","Q","2010-Q1",85.4,"P"
"LUX","QGDP","VOLIDX","IDX","Q","2010-Q2",87.1,"P"
"LUX","QGDP","VOLIDX","IDX","Q","2010-Q3",87,"P"
"LUX","QGDP","VOLIDX","IDX","Q","2010-Q4",87.6,"P"
"LUX","QGDP","VOLIDX","IDX","Q","2011-Q1",89.3,"P"
"LUX","QGDP","VOLIDX","IDX","Q","2011-Q2",88.4,"P"
"LUX","QGDP","VOLIDX","IDX","Q","2011-Q3",89.1,"P"
"LUX","QGDP","VOLIDX","IDX","Q","2011-Q4",89.1,"P"
"LUX","QGDP","VOLIDX","IDX","Q","2012-Q1",87.9,"P"
"LUX","QGDP","VOLIDX","IDX","Q","2012-Q2",88.8,"P"
"LUX","QGDP","VOLIDX","IDX","Q","2012-Q3",88.5,"P"
"LUX","QGDP","VOLIDX","IDX","Q","2012-Q4",89.3,"P"
"LUX","QGDP","VOLIDX","IDX","Q","2013-Q1",89.9,"P"
"LUX","QGDP","VOLIDX","IDX","Q","2013-Q2",92,"P"
"LUX","QGDP","VOLIDX","IDX","Q","2013-Q3",93.5,"P"
"LUX","QGDP","VOLIDX","IDX","Q","2013-Q4",92.2,"P"
"LUX","QGDP","VOLIDX","IDX","Q","2014-Q1",96.1,"P"
"LUX","QGDP","VOLIDX","IDX","Q","2014-Q2",94.2,"P"
"LUX","QGDP","VOLIDX","IDX","Q","2014-Q3",96.2,"P"
"LUX","QGDP","VOLIDX","IDX","Q","2014-Q4",97,"P"
"LUX","QGDP","VOLIDX","IDX","Q","2015-Q1",99.8,"P"
"LUX","QGDP","VOLIDX","IDX","Q","2015-Q2",100.2,"P"
"LUX","QGDP","VOLIDX","IDX","Q","2015-Q3",99.2,"P"
"LUX","QGDP","VOLIDX","IDX","Q","2015-Q4",100.8,"P"
"LUX","QGDP","VOLIDX","IDX","Q","2016-Q1",101.9,"P"
"LUX","QGDP","VOLIDX","IDX","Q","2016-Q2",104.3,"P"
"LUX","QGDP","VOLIDX","IDX","Q","2016-Q3",105.3,"P"
"LUX","QGDP","VOLIDX","IDX","Q","2016-Q4",106.7,"P"
"LUX","QGDP","VOLIDX","IDX","Q","2017-Q1",105,"P"
"LUX","QGDP","VOLIDX","IDX","Q","2017-Q2",105.4,"P"
"LUX","QGDP","VOLIDX","IDX","Q","2017-Q3",107.2,"P"
"LUX","QGDP","VOLIDX","IDX","Q","2017-Q4",108.2,"P"
"LUX","QGDP","VOLIDX","IDX","Q","2018-Q1",109.9,"P"
"LUX","QGDP","VOLIDX","IDX","Q","2018-Q2",109.1,"P"
"LUX","QGDP","VOLIDX","IDX","Q","2018-Q3",109.9,"P"
"LUX","QGDP","VOLIDX","IDX","Q","2018-Q4",110.3,"P"
"LUX","QGDP","VOLIDX","IDX","Q","2019-Q1",110.2,"P"
"LUX","QGDP","VOLIDX","IDX","Q","2019-Q2",112.5,"P"
"LUX","QGDP","VOLIDX","IDX","Q","2019-Q3",113.2,"P"
"LUX","QGDP","VOLIDX","IDX","Q","2019-Q4",113.3,"P"
"LUX","QGDP","VOLIDX","IDX","Q","2020-Q1",111.5,"P"
"LUX","QGDP","VOLIDX","IDX","Q","2020-Q2",103.5,"P"
"LUX","QGDP","VOLIDX","IDX","Q","2020-Q3",113.1,"P"
"LUX","QGDP","VOLIDX","IDX","Q","2020-Q4",115.2,"P"
"LUX","QGDP","VOLIDX","IDX","Q","2021-Q1",116.9,"P"
"NLD","QGDP","VOLIDX","IDX","Q","2008-Q1",98.6,
"NLD","QGDP","VOLIDX","IDX","Q","2008-Q2",99.1,
"NLD","QGDP","VOLIDX","IDX","Q","2008-Q3",98.9,
"NLD","QGDP","VOLIDX","IDX","Q","2008-Q4",98.3,
"NLD","QGDP","VOLIDX","IDX","Q","2009-Q1",94.7,
"NLD","QGDP","VOLIDX","IDX","Q","2009-Q2",94.7,
"NLD","QGDP","VOLIDX","IDX","Q","2009-Q3",95.1,
"NLD","QGDP","VOLIDX","IDX","Q","2009-Q4",95.7,
"NLD","QGDP","VOLIDX","IDX","Q","2010-Q1",95.5,
"NLD","QGDP","VOLIDX","IDX","Q","2010-Q2",95.9,
"NLD","QGDP","VOLIDX","IDX","Q","2010-Q3",96.4,
"NLD","QGDP","VOLIDX","IDX","Q","2010-Q4",97.4,
"NLD","QGDP","VOLIDX","IDX","Q","2011-Q1",98,
"NLD","QGDP","VOLIDX","IDX","Q","2011-Q2",97.9,
"NLD","QGDP","VOLIDX","IDX","Q","2011-Q3",97.9,
"NLD","QGDP","VOLIDX","IDX","Q","2011-Q4",97.3,
"NLD","QGDP","VOLIDX","IDX","Q","2012-Q1",97.1,
"NLD","QGDP","VOLIDX","IDX","Q","2012-Q2",97.2,
"NLD","QGDP","VOLIDX","IDX","Q","2012-Q3",96.8,
"NLD","QGDP","VOLIDX","IDX","Q","2012-Q4",96.1,
"NLD","QGDP","VOLIDX","IDX","Q","2013-Q1",96.4,
"NLD","QGDP","VOLIDX","IDX","Q","2013-Q2",96.2,
"NLD","QGDP","VOLIDX","IDX","Q","2013-Q3",96.8,
"NLD","QGDP","VOLIDX","IDX","Q","2013-Q4",97.4,
"NLD","QGDP","VOLIDX","IDX","Q","2014-Q1",97.3,
"NLD","QGDP","VOLIDX","IDX","Q","2014-Q2",97.9,
"NLD","QGDP","VOLIDX","IDX","Q","2014-Q3",98.1,
"NLD","QGDP","VOLIDX","IDX","Q","2014-Q4",99,
"NLD","QGDP","VOLIDX","IDX","Q","2015-Q1",99.6,
"NLD","QGDP","VOLIDX","IDX","Q","2015-Q2",99.9,
"NLD","QGDP","VOLIDX","IDX","Q","2015-Q3",100.3,
"NLD","QGDP","VOLIDX","IDX","Q","2015-Q4",100.3,
"NLD","QGDP","VOLIDX","IDX","Q","2016-Q1",101.2,
"NLD","QGDP","VOLIDX","IDX","Q","2016-Q2",101.4,
"NLD","QGDP","VOLIDX","IDX","Q","2016-Q3",102.6,
"NLD","QGDP","VOLIDX","IDX","Q","2016-Q4",103.4,
"NLD","QGDP","VOLIDX","IDX","Q","2017-Q1",104,
"NLD","QGDP","VOLIDX","IDX","Q","2017-Q2",104.9,
"NLD","QGDP","VOLIDX","IDX","Q","2017-Q3",105.6,
"NLD","QGDP","VOLIDX","IDX","Q","2017-Q4",106.5,
"NLD","QGDP","VOLIDX","IDX","Q","2018-Q1",107,"P"
"NLD","QGDP","VOLIDX","IDX","Q","2018-Q2",107.6,"P"
"NLD","QGDP","VOLIDX","IDX","Q","2018-Q3",107.8,"P"
"NLD","QGDP","VOLIDX","IDX","Q","2018-Q4",108.3,"P"
"NLD","QGDP","VOLIDX","IDX","Q","2019-Q1",108.8,"P"
"NLD","QGDP","VOLIDX","IDX","Q","2019-Q2",109.2,"P"
"NLD","QGDP","VOLIDX","IDX","Q","2019-Q3",109.6,"P"
"NLD","QGDP","VOLIDX","IDX","Q","2019-Q4",110.1,"P"
"NLD","QGDP","VOLIDX","IDX","Q","2020-Q1",108.4,"P"
"NLD","QGDP","VOLIDX","IDX","Q","2020-Q2",99.2,"P"
"NLD","QGDP","VOLIDX","IDX","Q","2020-Q3",106.9,"P"
"NLD","QGDP","VOLIDX","IDX","Q","2020-Q4",106.8,"P"
"NLD","QGDP","VOLIDX","IDX","Q","2021-Q1",106.3,"P"
"POL","QGDP","VOLIDX","IDX","Q","2008-Q1",80.9,
"POL","QGDP","VOLIDX","IDX","Q","2008-Q2",81.1,
"POL","QGDP","VOLIDX","IDX","Q","2008-Q3",80.8,
"POL","QGDP","VOLIDX","IDX","Q","2008-Q4",81.2,
"POL","QGDP","VOLIDX","IDX","Q","2009-Q1",82.4,
"POL","QGDP","VOLIDX","IDX","Q","2009-Q2",82.5,
"POL","QGDP","VOLIDX","IDX","Q","2009-Q3",83,
"POL","QGDP","VOLIDX","IDX","Q","2009-Q4",84.9,
"POL","QGDP","VOLIDX","IDX","Q","2010-Q1",84.6,
"POL","QGDP","VOLIDX","IDX","Q","2010-Q2",85.9,
"POL","QGDP","VOLIDX","IDX","Q","2010-Q3",87,
"POL","QGDP","VOLIDX","IDX","Q","2010-Q4",87.9,
"POL","QGDP","VOLIDX","IDX","Q","2011-Q1",88.8,
"POL","QGDP","VOLIDX","IDX","Q","2011-Q2",90,
"POL","QGDP","VOLIDX","IDX","Q","2011-Q3",91.2,
"POL","QGDP","VOLIDX","IDX","Q","2011-Q4",91.8,
"POL","QGDP","VOLIDX","IDX","Q","2012-Q1",91.8,
"POL","QGDP","VOLIDX","IDX","Q","2012-Q2",91.6,
"POL","QGDP","VOLIDX","IDX","Q","2012-Q3",92,
"POL","QGDP","VOLIDX","IDX","Q","2012-Q4",91.5,
"POL","QGDP","VOLIDX","IDX","Q","2013-Q1",91.6,
"POL","QGDP","VOLIDX","IDX","Q","2013-Q2",92.6,
"POL","QGDP","VOLIDX","IDX","Q","2013-Q3",93.3,
"POL","QGDP","VOLIDX","IDX","Q","2013-Q4",93.5,
"POL","QGDP","VOLIDX","IDX","Q","2014-Q1",94.5,
"POL","QGDP","VOLIDX","IDX","Q","2014-Q2",95.6,
"POL","QGDP","VOLIDX","IDX","Q","2014-Q3",96.4,
"POL","QGDP","VOLIDX","IDX","Q","2014-Q4",97,
"POL","QGDP","VOLIDX","IDX","Q","2015-Q1",98.4,
"POL","QGDP","VOLIDX","IDX","Q","2015-Q2",99.1,
"POL","QGDP","VOLIDX","IDX","Q","2015-Q3",100.4,
"POL","QGDP","VOLIDX","IDX","Q","2015-Q4",101.6,
"POL","QGDP","VOLIDX","IDX","Q","2016-Q1",101.3,
"POL","QGDP","VOLIDX","IDX","Q","2016-Q2",102.7,
"POL","QGDP","VOLIDX","IDX","Q","2016-Q3",102.9,
"POL","QGDP","VOLIDX","IDX","Q","2016-Q4",105.3,
"POL","QGDP","VOLIDX","IDX","Q","2017-Q1",106.3,
"POL","QGDP","VOLIDX","IDX","Q","2017-Q2",107.2,
"POL","QGDP","VOLIDX","IDX","Q","2017-Q3",108.4,
"POL","QGDP","VOLIDX","IDX","Q","2017-Q4",110.3,
"POL","QGDP","VOLIDX","IDX","Q","2018-Q1",111.7,
"POL","QGDP","VOLIDX","IDX","Q","2018-Q2",113.2,
"POL","QGDP","VOLIDX","IDX","Q","2018-Q3",114.8,
"POL","QGDP","VOLIDX","IDX","Q","2018-Q4",115.7,
"POL","QGDP","VOLIDX","IDX","Q","2019-Q1",117.9,
"POL","QGDP","VOLIDX","IDX","Q","2019-Q2",118.8,
"POL","QGDP","VOLIDX","IDX","Q","2019-Q3",120.1,
"POL","QGDP","VOLIDX","IDX","Q","2019-Q4",120.4,
"POL","QGDP","VOLIDX","IDX","Q","2020-Q1",120.2,
"POL","QGDP","VOLIDX","IDX","Q","2020-Q2",109.4,
"POL","QGDP","VOLIDX","IDX","Q","2020-Q3",117.7,
"POL","QGDP","VOLIDX","IDX","Q","2020-Q4",117.1,
"POL","QGDP","VOLIDX","IDX","Q","2021-Q1",118.4,
"PRT","QGDP","VOLIDX","IDX","Q","2008-Q1",106.6,
"PRT","QGDP","VOLIDX","IDX","Q","2008-Q2",106.1,
"PRT","QGDP","VOLIDX","IDX","Q","2008-Q3",106,
"PRT","QGDP","VOLIDX","IDX","Q","2008-Q4",104.6,
"PRT","QGDP","VOLIDX","IDX","Q","2009-Q1",102,
"PRT","QGDP","VOLIDX","IDX","Q","2009-Q2",102.1,
"PRT","QGDP","VOLIDX","IDX","Q","2009-Q3",103,
"PRT","QGDP","VOLIDX","IDX","Q","2009-Q4",103,
"PRT","QGDP","VOLIDX","IDX","Q","2010-Q1",103.9,
"PRT","QGDP","VOLIDX","IDX","Q","2010-Q2",104.5,
"PRT","QGDP","VOLIDX","IDX","Q","2010-Q3",104.5,
"PRT","QGDP","VOLIDX","IDX","Q","2010-Q4",104.3,
"PRT","QGDP","VOLIDX","IDX","Q","2011-Q1",103.7,
"PRT","QGDP","VOLIDX","IDX","Q","2011-Q2",103.2,
"PRT","QGDP","VOLIDX","IDX","Q","2011-Q3",102.4,
"PRT","QGDP","VOLIDX","IDX","Q","2011-Q4",100.9,
"PRT","QGDP","VOLIDX","IDX","Q","2012-Q1",100.3,
"PRT","QGDP","VOLIDX","IDX","Q","2012-Q2",99,
"PRT","QGDP","VOLIDX","IDX","Q","2012-Q3",97.9,
"PRT","QGDP","VOLIDX","IDX","Q","2012-Q4",96.3,
"PRT","QGDP","VOLIDX","IDX","Q","2013-Q1",96.7,
"PRT","QGDP","VOLIDX","IDX","Q","2013-Q2",97.5,
"PRT","QGDP","VOLIDX","IDX","Q","2013-Q3",97.3,
"PRT","QGDP","VOLIDX","IDX","Q","2013-Q4",98.4,
"PRT","QGDP","VOLIDX","IDX","Q","2014-Q1",97.8,
"PRT","QGDP","VOLIDX","IDX","Q","2014-Q2",98.1,
"PRT","QGDP","VOLIDX","IDX","Q","2014-Q3",98.2,
"PRT","QGDP","VOLIDX","IDX","Q","2014-Q4",99,
"PRT","QGDP","VOLIDX","IDX","Q","2015-Q1",99.6,
"PRT","QGDP","VOLIDX","IDX","Q","2015-Q2",99.9,
"PRT","QGDP","VOLIDX","IDX","Q","2015-Q3",100,
"PRT","QGDP","VOLIDX","IDX","Q","2015-Q4",100.5,
"PRT","QGDP","VOLIDX","IDX","Q","2016-Q1",101,
"PRT","QGDP","VOLIDX","IDX","Q","2016-Q2",101.3,
"PRT","QGDP","VOLIDX","IDX","Q","2016-Q3",102.5,
"PRT","QGDP","VOLIDX","IDX","Q","2016-Q4",103.4,
"PRT","QGDP","VOLIDX","IDX","Q","2017-Q1",104.6,
"PRT","QGDP","VOLIDX","IDX","Q","2017-Q2",105.1,
"PRT","QGDP","VOLIDX","IDX","Q","2017-Q3",105.9,
"PRT","QGDP","VOLIDX","IDX","Q","2017-Q4",106.7,
"PRT","QGDP","VOLIDX","IDX","Q","2018-Q1",107.5,
"PRT","QGDP","VOLIDX","IDX","Q","2018-Q2",108.4,
"PRT","QGDP","VOLIDX","IDX","Q","2018-Q3",109,
"PRT","QGDP","VOLIDX","IDX","Q","2018-Q4",109.5,
"PRT","QGDP","VOLIDX","IDX","Q","2019-Q1",110.3,"P"
"PRT","QGDP","VOLIDX","IDX","Q","2019-Q2",111,"P"
"PRT","QGDP","VOLIDX","IDX","Q","2019-Q3",111.5,"P"
"PRT","QGDP","VOLIDX","IDX","Q","2019-Q4",112.3,"P"
"PRT","QGDP","VOLIDX","IDX","Q","2020-Q1",107.9,"E"
"PRT","QGDP","VOLIDX","IDX","Q","2020-Q2",92.8,"E"
"PRT","QGDP","VOLIDX","IDX","Q","2020-Q3",105.3,"E"
"PRT","QGDP","VOLIDX","IDX","Q","2020-Q4",105.5,"E"
"PRT","QGDP","VOLIDX","IDX","Q","2021-Q1",102,"E"
"SVK","QGDP","VOLIDX","IDX","Q","2008-Q1",86.3,
"SVK","QGDP","VOLIDX","IDX","Q","2008-Q2",87.4,
"SVK","QGDP","VOLIDX","IDX","Q","2008-Q3",88.6,
"SVK","QGDP","VOLIDX","IDX","Q","2008-Q4",89.7,
"SVK","QGDP","VOLIDX","IDX","Q","2009-Q1",81.2,
"SVK","QGDP","VOLIDX","IDX","Q","2009-Q2",82.5,
"SVK","QGDP","VOLIDX","IDX","Q","2009-Q3",83.8,
"SVK","QGDP","VOLIDX","IDX","Q","2009-Q4",85.4,
"SVK","QGDP","VOLIDX","IDX","Q","2010-Q1",86.8,
"SVK","QGDP","VOLIDX","IDX","Q","2010-Q2",87.7,
"SVK","QGDP","VOLIDX","IDX","Q","2010-Q3",88.7,
"SVK","QGDP","VOLIDX","IDX","Q","2010-Q4",89.3,
"SVK","QGDP","VOLIDX","IDX","Q","2011-Q1",89.6,
"SVK","QGDP","VOLIDX","IDX","Q","2011-Q2",90.3,
"SVK","QGDP","VOLIDX","IDX","Q","2011-Q3",90.8,
"SVK","QGDP","VOLIDX","IDX","Q","2011-Q4",91.7,
"SVK","QGDP","VOLIDX","IDX","Q","2012-Q1",92.1,
"SVK","QGDP","VOLIDX","IDX","Q","2012-Q2",92.3,
"SVK","QGDP","VOLIDX","IDX","Q","2012-Q3",92.5,
"SVK","QGDP","VOLIDX","IDX","Q","2012-Q4",92.4,
"SVK","QGDP","VOLIDX","IDX","Q","2013-Q1",92.4,
"SVK","QGDP","VOLIDX","IDX","Q","2013-Q2",92.7,
"SVK","QGDP","VOLIDX","IDX","Q","2013-Q3",93.1,
"SVK","QGDP","VOLIDX","IDX","Q","2013-Q4",93.6,
"SVK","QGDP","VOLIDX","IDX","Q","2014-Q1",94.2,
"SVK","QGDP","VOLIDX","IDX","Q","2014-Q2",94.9,
"SVK","QGDP","VOLIDX","IDX","Q","2014-Q3",95.8,
"SVK","QGDP","VOLIDX","IDX","Q","2014-Q4",96.7,
"SVK","QGDP","VOLIDX","IDX","Q","2015-Q1",98.4,
"SVK","QGDP","VOLIDX","IDX","Q","2015-Q2",99.5,
"SVK","QGDP","VOLIDX","IDX","Q","2015-Q3",100.7,
"SVK","QGDP","VOLIDX","IDX","Q","2015-Q4",101.4,
"SVK","QGDP","VOLIDX","IDX","Q","2016-Q1",101.6,
"SVK","QGDP","VOLIDX","IDX","Q","2016-Q2",101.8,
"SVK","QGDP","VOLIDX","IDX","Q","2016-Q3",102.2,
"SVK","QGDP","VOLIDX","IDX","Q","2016-Q4",102.9,
"SVK","QGDP","VOLIDX","IDX","Q","2017-Q1",103.7,
"SVK","QGDP","VOLIDX","IDX","Q","2017-Q2",104.7,
"SVK","QGDP","VOLIDX","IDX","Q","2017-Q3",105.6,
"SVK","QGDP","VOLIDX","IDX","Q","2017-Q4",106.7,
"SVK","QGDP","VOLIDX","IDX","Q","2018-Q1",107.5,
"SVK","QGDP","VOLIDX","IDX","Q","2018-Q2",108.7,
"SVK","QGDP","VOLIDX","IDX","Q","2018-Q3",109.7,
"SVK","QGDP","VOLIDX","IDX","Q","2018-Q4",110.2,
"SVK","QGDP","VOLIDX","IDX","Q","2019-Q1",111.1,
"SVK","QGDP","VOLIDX","IDX","Q","2019-Q2",111.5,
"SVK","QGDP","VOLIDX","IDX","Q","2019-Q3",111.9,
"SVK","QGDP","VOLIDX","IDX","Q","2019-Q4",112.6,
"SVK","QGDP","VOLIDX","IDX","Q","2020-Q1",107.4,
"SVK","QGDP","VOLIDX","IDX","Q","2020-Q2",99.3,
"SVK","QGDP","VOLIDX","IDX","Q","2020-Q3",109.1,
"SVK","QGDP","VOLIDX","IDX","Q","2020-Q4",110,
"SVK","QGDP","VOLIDX","IDX","Q","2021-Q1",107.8,
"ESP","QGDP","VOLIDX","IDX","Q","2008-Q1",104.307204,
"ESP","QGDP","VOLIDX","IDX","Q","2008-Q2",104.421162,
"ESP","QGDP","VOLIDX","IDX","Q","2008-Q3",104.228881,
"ESP","QGDP","VOLIDX","IDX","Q","2008-Q4",102.546609,
"ESP","QGDP","VOLIDX","IDX","Q","2009-Q1",99.87472,
"ESP","QGDP","VOLIDX","IDX","Q","2009-Q2",99.863956,
"ESP","QGDP","VOLIDX","IDX","Q","2009-Q3",100.074797,
"ESP","QGDP","VOLIDX","IDX","Q","2009-Q4",100.054381,
"ESP","QGDP","VOLIDX","IDX","Q","2010-Q1",100.02617,
"ESP","QGDP","VOLIDX","IDX","Q","2010-Q2",100.176134,
"ESP","QGDP","VOLIDX","IDX","Q","2010-Q3",100.124908,
"ESP","QGDP","VOLIDX","IDX","Q","2010-Q4",100.192095,
"ESP","QGDP","VOLIDX","IDX","Q","2011-Q1",100.035821,
"ESP","QGDP","VOLIDX","IDX","Q","2011-Q2",99.718817,
"ESP","QGDP","VOLIDX","IDX","Q","2011-Q3",99.07256,
"ESP","QGDP","VOLIDX","IDX","Q","2011-Q4",98.430015,
"ESP","QGDP","VOLIDX","IDX","Q","2012-Q1",97.507586,
"ESP","QGDP","VOLIDX","IDX","Q","2012-Q2",96.57031,
"ESP","QGDP","VOLIDX","IDX","Q","2012-Q3",96.0781,
"ESP","QGDP","VOLIDX","IDX","Q","2012-Q4",95.345354,
"ESP","QGDP","VOLIDX","IDX","Q","2013-Q1",95.0406,
"ESP","QGDP","VOLIDX","IDX","Q","2013-Q2",94.957451,
"ESP","QGDP","VOLIDX","IDX","Q","2013-Q3",94.905484,
"ESP","QGDP","VOLIDX","IDX","Q","2013-Q4",95.063614,
"ESP","QGDP","VOLIDX","IDX","Q","2014-Q1",95.412912,
"ESP","QGDP","VOLIDX","IDX","Q","2014-Q2",95.85501,
"ESP","QGDP","VOLIDX","IDX","Q","2014-Q3",96.56437,
"ESP","QGDP","VOLIDX","IDX","Q","2014-Q4",97.393257,
"ESP","QGDP","VOLIDX","IDX","Q","2015-Q1",98.510936,
"ESP","QGDP","VOLIDX","IDX","Q","2015-Q2",99.567739,
"ESP","QGDP","VOLIDX","IDX","Q","2015-Q3",100.473835,
"ESP","QGDP","VOLIDX","IDX","Q","2015-Q4",101.447489,
"ESP","QGDP","VOLIDX","IDX","Q","2016-Q1",102.134949,
"ESP","QGDP","VOLIDX","IDX","Q","2016-Q2",102.563313,
"ESP","QGDP","VOLIDX","IDX","Q","2016-Q3",103.473121,
"ESP","QGDP","VOLIDX","IDX","Q","2016-Q4",103.953823,
"ESP","QGDP","VOLIDX","IDX","Q","2017-Q1",104.8,
"ESP","QGDP","VOLIDX","IDX","Q","2017-Q2",105.9,
"ESP","QGDP","VOLIDX","IDX","Q","2017-Q3",106.5,
"ESP","QGDP","VOLIDX","IDX","Q","2017-Q4",107.2,
"ESP","QGDP","VOLIDX","IDX","Q","2018-Q1",107.8,"P"
"ESP","QGDP","VOLIDX","IDX","Q","2018-Q2",108.3,"P"
"ESP","QGDP","VOLIDX","IDX","Q","2018-Q3",109,"P"
"ESP","QGDP","VOLIDX","IDX","Q","2018-Q4",109.6,"P"
"ESP","QGDP","VOLIDX","IDX","Q","2019-Q1",110.2,"P"
"ESP","QGDP","VOLIDX","IDX","Q","2019-Q2",110.6,"P"
"ESP","QGDP","VOLIDX","IDX","Q","2019-Q3",111,"P"
"ESP","QGDP","VOLIDX","IDX","Q","2019-Q4",111.4,"P"
"ESP","QGDP","VOLIDX","IDX","Q","2020-Q1",105.5,"P"
"ESP","QGDP","VOLIDX","IDX","Q","2020-Q2",86.7,"P"
"ESP","QGDP","VOLIDX","IDX","Q","2020-Q3",101.5,"P"
"ESP","QGDP","VOLIDX","IDX","Q","2020-Q4",101.5,"P"
"ESP","QGDP","VOLIDX","IDX","Q","2021-Q1",101,"P"
"SWE","QGDP","VOLIDX","IDX","Q","2008-Q1",90.9,
"SWE","QGDP","VOLIDX","IDX","Q","2008-Q2",90.8,
"SWE","QGDP","VOLIDX","IDX","Q","2008-Q3",90.4,
"SWE","QGDP","VOLIDX","IDX","Q","2008-Q4",87.1,
"SWE","QGDP","VOLIDX","IDX","Q","2009-Q1",85.9,
"SWE","QGDP","VOLIDX","IDX","Q","2009-Q2",85.9,
"SWE","QGDP","VOLIDX","IDX","Q","2009-Q3",85.9,
"SWE","QGDP","VOLIDX","IDX","Q","2009-Q4",86.3,
"SWE","QGDP","VOLIDX","IDX","Q","2010-Q1",88.6,
"SWE","QGDP","VOLIDX","IDX","Q","2010-Q2",90.4,
"SWE","QGDP","VOLIDX","IDX","Q","2010-Q3",91.5,
"SWE","QGDP","VOLIDX","IDX","Q","2010-Q4",93,
"SWE","QGDP","VOLIDX","IDX","Q","2011-Q1",93.3,
"SWE","QGDP","VOLIDX","IDX","Q","2011-Q2",93.6,
"SWE","QGDP","VOLIDX","IDX","Q","2011-Q3",94.8,
"SWE","QGDP","VOLIDX","IDX","Q","2011-Q4",93.5,
"SWE","QGDP","VOLIDX","IDX","Q","2012-Q1",93.7,
"SWE","QGDP","VOLIDX","IDX","Q","2012-Q2",93.8,
"SWE","QGDP","VOLIDX","IDX","Q","2012-Q3",93.7,
"SWE","QGDP","VOLIDX","IDX","Q","2012-Q4",93.1,
"SWE","QGDP","VOLIDX","IDX","Q","2013-Q1",94.3,
"SWE","QGDP","VOLIDX","IDX","Q","2013-Q2",94.2,
"SWE","QGDP","VOLIDX","IDX","Q","2013-Q3",94.6,
"SWE","QGDP","VOLIDX","IDX","Q","2013-Q4",95.4,
"SWE","QGDP","VOLIDX","IDX","Q","2014-Q1",96.1,
"SWE","QGDP","VOLIDX","IDX","Q","2014-Q2",96.9,
"SWE","QGDP","VOLIDX","IDX","Q","2014-Q3",97.6,
"SWE","QGDP","VOLIDX","IDX","Q","2014-Q4",98.4,
"SWE","QGDP","VOLIDX","IDX","Q","2015-Q1",99.7,
"SWE","QGDP","VOLIDX","IDX","Q","2015-Q2",100.7,
"SWE","QGDP","VOLIDX","IDX","Q","2015-Q3",102.1,
"SWE","QGDP","VOLIDX","IDX","Q","2015-Q4",102.9,
"SWE","QGDP","VOLIDX","IDX","Q","2016-Q1",102.8,
"SWE","QGDP","VOLIDX","IDX","Q","2016-Q2",102.8,
"SWE","QGDP","VOLIDX","IDX","Q","2016-Q3",103.2,
"SWE","QGDP","VOLIDX","IDX","Q","2016-Q4",104.1,
"SWE","QGDP","VOLIDX","IDX","Q","2017-Q1",104.6,
"SWE","QGDP","VOLIDX","IDX","Q","2017-Q2",105.8,
"SWE","QGDP","VOLIDX","IDX","Q","2017-Q3",107,
"SWE","QGDP","VOLIDX","IDX","Q","2017-Q4",107.2,
"SWE","QGDP","VOLIDX","IDX","Q","2018-Q1",107.4,
"SWE","QGDP","VOLIDX","IDX","Q","2018-Q2",108.5,
"SWE","QGDP","VOLIDX","IDX","Q","2018-Q3",107.9,
"SWE","QGDP","VOLIDX","IDX","Q","2018-Q4",109.4,
"SWE","QGDP","VOLIDX","IDX","Q","2019-Q1",109.9,
"SWE","QGDP","VOLIDX","IDX","Q","2019-Q2",110.3,
"SWE","QGDP","VOLIDX","IDX","Q","2019-Q3",110.9,
"SWE","QGDP","VOLIDX","IDX","Q","2019-Q4",110.9,
"SWE","QGDP","VOLIDX","IDX","Q","2020-Q1",110,
"SWE","QGDP","VOLIDX","IDX","Q","2020-Q2",101.4,
"SWE","QGDP","VOLIDX","IDX","Q","2020-Q3",108.9,
"SWE","QGDP","VOLIDX","IDX","Q","2020-Q4",108.9,
"SWE","QGDP","VOLIDX","IDX","Q","2021-Q1",109.8,
"GBR","QGDP","VOLIDX","IDX","Q","2008-Q1",94,
"GBR","QGDP","VOLIDX","IDX","Q","2008-Q2",93.5,
"GBR","QGDP","VOLIDX","IDX","Q","2008-Q3",92.1,
"GBR","QGDP","VOLIDX","IDX","Q","2008-Q4",90.2,
"GBR","QGDP","VOLIDX","IDX","Q","2009-Q1",88.6,
"GBR","QGDP","VOLIDX","IDX","Q","2009-Q2",88.5,
"GBR","QGDP","VOLIDX","IDX","Q","2009-Q3",88.6,
"GBR","QGDP","VOLIDX","IDX","Q","2009-Q4",88.9,
"GBR","QGDP","VOLIDX","IDX","Q","2010-Q1",89.4,
"GBR","QGDP","VOLIDX","IDX","Q","2010-Q2",90.4,
"GBR","QGDP","VOLIDX","IDX","Q","2010-Q3",91,
"GBR","QGDP","VOLIDX","IDX","Q","2010-Q4",91.1,
"GBR","QGDP","VOLIDX","IDX","Q","2011-Q1",91.4,
"GBR","QGDP","VOLIDX","IDX","Q","2011-Q2",91.5,
"GBR","QGDP","VOLIDX","IDX","Q","2011-Q3",91.8,
"GBR","QGDP","VOLIDX","IDX","Q","2011-Q4",91.9,
"GBR","QGDP","VOLIDX","IDX","Q","2012-Q1",92.5,
"GBR","QGDP","VOLIDX","IDX","Q","2012-Q2",92.4,
"GBR","QGDP","VOLIDX","IDX","Q","2012-Q3",93.5,
"GBR","QGDP","VOLIDX","IDX","Q","2012-Q4",93.3,
"GBR","QGDP","VOLIDX","IDX","Q","2013-Q1",93.8,
"GBR","QGDP","VOLIDX","IDX","Q","2013-Q2",94.6,
"GBR","QGDP","VOLIDX","IDX","Q","2013-Q3",95.5,
"GBR","QGDP","VOLIDX","IDX","Q","2013-Q4",96.1,
"GBR","QGDP","VOLIDX","IDX","Q","2014-Q1",96.8,
"GBR","QGDP","VOLIDX","IDX","Q","2014-Q2",97.4,
"GBR","QGDP","VOLIDX","IDX","Q","2014-Q3",98,
"GBR","QGDP","VOLIDX","IDX","Q","2014-Q4",98.6,
"GBR","QGDP","VOLIDX","IDX","Q","2015-Q1",99.1,
"GBR","QGDP","VOLIDX","IDX","Q","2015-Q2",99.8,
"GBR","QGDP","VOLIDX","IDX","Q","2015-Q3",100.2,
"GBR","QGDP","VOLIDX","IDX","Q","2015-Q4",100.9,
"GBR","QGDP","VOLIDX","IDX","Q","2016-Q1",101.1,
"GBR","QGDP","VOLIDX","IDX","Q","2016-Q2",101.5,
"GBR","QGDP","VOLIDX","IDX","Q","2016-Q3",101.8,
"GBR","QGDP","VOLIDX","IDX","Q","2016-Q4",102.4,
"GBR","QGDP","VOLIDX","IDX","Q","2017-Q1",103,
"GBR","QGDP","VOLIDX","IDX","Q","2017-Q2",103.3,
"GBR","QGDP","VOLIDX","IDX","Q","2017-Q3",103.7,
"GBR","QGDP","VOLIDX","IDX","Q","2017-Q4",104.1,
"GBR","QGDP","VOLIDX","IDX","Q","2018-Q1",104.1,
"GBR","QGDP","VOLIDX","IDX","Q","2018-Q2",104.5,
"GBR","QGDP","VOLIDX","IDX","Q","2018-Q3",105.2,
"GBR","QGDP","VOLIDX","IDX","Q","2018-Q4",105.3,
"GBR","QGDP","VOLIDX","IDX","Q","2019-Q1",105.9,
"GBR","QGDP","VOLIDX","IDX","Q","2019-Q2",106.1,
"GBR","QGDP","VOLIDX","IDX","Q","2019-Q3",106.6,
"GBR","QGDP","VOLIDX","IDX","Q","2019-Q4",106.6,
"GBR","QGDP","VOLIDX","IDX","Q","2020-Q1",103.6,
"GBR","QGDP","VOLIDX","IDX","Q","2020-Q2",83.4,
"GBR","QGDP","VOLIDX","IDX","Q","2020-Q3",97.5,
"GBR","QGDP","VOLIDX","IDX","Q","2020-Q4",98.8,
"GBR","QGDP","VOLIDX","IDX","Q","2021-Q1",97.3,
"USA","QGDP","VOLIDX","IDX","Q","2008-Q1",89.9,
"USA","QGDP","VOLIDX","IDX","Q","2008-Q2",90.4,
"USA","QGDP","VOLIDX","IDX","Q","2008-Q3",89.9,
"USA","QGDP","VOLIDX","IDX","Q","2008-Q4",87.9,
"USA","QGDP","VOLIDX","IDX","Q","2009-Q1",86.9,
"USA","QGDP","VOLIDX","IDX","Q","2009-Q2",86.8,
"USA","QGDP","VOLIDX","IDX","Q","2009-Q3",87.1,
"USA","QGDP","VOLIDX","IDX","Q","2009-Q4",88.1,
"USA","QGDP","VOLIDX","IDX","Q","2010-Q1",88.4,
"USA","QGDP","VOLIDX","IDX","Q","2010-Q2",89.2,
"USA","QGDP","VOLIDX","IDX","Q","2010-Q3",89.9,
"USA","QGDP","VOLIDX","IDX","Q","2010-Q4",90.4,
"USA","QGDP","VOLIDX","IDX","Q","2011-Q1",90.1,
"USA","QGDP","VOLIDX","IDX","Q","2011-Q2",90.8,
"USA","QGDP","VOLIDX","IDX","Q","2011-Q3",90.8,
"USA","QGDP","VOLIDX","IDX","Q","2011-Q4",91.8,
"USA","QGDP","VOLIDX","IDX","Q","2012-Q1",92.5,
"USA","QGDP","VOLIDX","IDX","Q","2012-Q2",92.9,
"USA","QGDP","VOLIDX","IDX","Q","2012-Q3",93.1,
"USA","QGDP","VOLIDX","IDX","Q","2012-Q4",93.2,
"USA","QGDP","VOLIDX","IDX","Q","2013-Q1",94,
"USA","QGDP","VOLIDX","IDX","Q","2013-Q2",94.1,
"USA","QGDP","VOLIDX","IDX","Q","2013-Q3",94.8,
"USA","QGDP","VOLIDX","IDX","Q","2013-Q4",95.6,
"USA","QGDP","VOLIDX","IDX","Q","2014-Q1",95.3,
"USA","QGDP","VOLIDX","IDX","Q","2014-Q2",96.6,
"USA","QGDP","VOLIDX","IDX","Q","2014-Q3",97.8,
"USA","QGDP","VOLIDX","IDX","Q","2014-Q4",98.3,
"USA","QGDP","VOLIDX","IDX","Q","2015-Q1",99.3,
"USA","QGDP","VOLIDX","IDX","Q","2015-Q2",99.9,
"USA","QGDP","VOLIDX","IDX","Q","2015-Q3",100.3,
"USA","QGDP","VOLIDX","IDX","Q","2015-Q4",100.5,
"USA","QGDP","VOLIDX","IDX","Q","2016-Q1",101,
"USA","QGDP","VOLIDX","IDX","Q","2016-Q2",101.4,
"USA","QGDP","VOLIDX","IDX","Q","2016-Q3",101.9,
"USA","QGDP","VOLIDX","IDX","Q","2016-Q4",102.5,
"USA","QGDP","VOLIDX","IDX","Q","2017-Q1",103.1,
"USA","QGDP","VOLIDX","IDX","Q","2017-Q2",103.6,
"USA","QGDP","VOLIDX","IDX","Q","2017-Q3",104.3,
"USA","QGDP","VOLIDX","IDX","Q","2017-Q4",105.3,
"USA","QGDP","VOLIDX","IDX","Q","2018-Q1",106.3,
"USA","QGDP","VOLIDX","IDX","Q","2018-Q2",107,
"USA","QGDP","VOLIDX","IDX","Q","2018-Q3",107.6,
"USA","QGDP","VOLIDX","IDX","Q","2018-Q4",107.9,
"USA","QGDP","VOLIDX","IDX","Q","2019-Q1",108.7,
"USA","QGDP","VOLIDX","IDX","Q","2019-Q2",109.1,
"USA","QGDP","VOLIDX","IDX","Q","2019-Q3",109.8,
"USA","QGDP","VOLIDX","IDX","Q","2019-Q4",110.5,
"USA","QGDP","VOLIDX","IDX","Q","2020-Q1",109.1,
"USA","QGDP","VOLIDX","IDX","Q","2020-Q2",99.3,
"USA","QGDP","VOLIDX","IDX","Q","2020-Q3",106.7,
"USA","QGDP","VOLIDX","IDX","Q","2020-Q4",107.8,
"USA","QGDP","VOLIDX","IDX","Q","2021-Q1",109.5,
"EST","QGDP","VOLIDX","IDX","Q","2008-Q1",98.8,
"EST","QGDP","VOLIDX","IDX","Q","2008-Q2",99.9,
"EST","QGDP","VOLIDX","IDX","Q","2008-Q3",100,
"EST","QGDP","VOLIDX","IDX","Q","2008-Q4",88.2,
"EST","QGDP","VOLIDX","IDX","Q","2009-Q1",85.9,
"EST","QGDP","VOLIDX","IDX","Q","2009-Q2",83.1,
"EST","QGDP","VOLIDX","IDX","Q","2009-Q3",81.5,
"EST","QGDP","VOLIDX","IDX","Q","2009-Q4",81.9,
"EST","QGDP","VOLIDX","IDX","Q","2010-Q1",83.1,
"EST","QGDP","VOLIDX","IDX","Q","2010-Q2",84.2,
"EST","QGDP","VOLIDX","IDX","Q","2010-Q3",85.5,
"EST","QGDP","VOLIDX","IDX","Q","2010-Q4",87.4,
"EST","QGDP","VOLIDX","IDX","Q","2011-Q1",89.2,
"EST","QGDP","VOLIDX","IDX","Q","2011-Q2",90.9,
"EST","QGDP","VOLIDX","IDX","Q","2011-Q3",92.4,
"EST","QGDP","VOLIDX","IDX","Q","2011-Q4",92.4,
"EST","QGDP","VOLIDX","IDX","Q","2012-Q1",92.9,
"EST","QGDP","VOLIDX","IDX","Q","2012-Q2",94,
"EST","QGDP","VOLIDX","IDX","Q","2012-Q3",94.4,
"EST","QGDP","VOLIDX","IDX","Q","2012-Q4",95.2,
"EST","QGDP","VOLIDX","IDX","Q","2013-Q1",95.6,
"EST","QGDP","VOLIDX","IDX","Q","2013-Q2",95.4,
"EST","QGDP","VOLIDX","IDX","Q","2013-Q3",95.1,
"EST","QGDP","VOLIDX","IDX","Q","2013-Q4",95.1,
"EST","QGDP","VOLIDX","IDX","Q","2014-Q1",96.6,
"EST","QGDP","VOLIDX","IDX","Q","2014-Q2",97,
"EST","QGDP","VOLIDX","IDX","Q","2014-Q3",98.3,
"EST","QGDP","VOLIDX","IDX","Q","2014-Q4",99.8,
"EST","QGDP","VOLIDX","IDX","Q","2015-Q1",98.4,
"EST","QGDP","VOLIDX","IDX","Q","2015-Q2",100.3,
"EST","QGDP","VOLIDX","IDX","Q","2015-Q3",101.1,
"EST","QGDP","VOLIDX","IDX","Q","2015-Q4",100.9,
"EST","QGDP","VOLIDX","IDX","Q","2016-Q1",102.5,
"EST","QGDP","VOLIDX","IDX","Q","2016-Q2",102.4,
"EST","QGDP","VOLIDX","IDX","Q","2016-Q3",103.6,
"EST","QGDP","VOLIDX","IDX","Q","2016-Q4",104.8,
"EST","QGDP","VOLIDX","IDX","Q","2017-Q1",106.7,
"EST","QGDP","VOLIDX","IDX","Q","2017-Q2",108.5,
"EST","QGDP","VOLIDX","IDX","Q","2017-Q3",108.9,
"EST","QGDP","VOLIDX","IDX","Q","2017-Q4",110.6,
"EST","QGDP","VOLIDX","IDX","Q","2018-Q1",111.7,
"EST","QGDP","VOLIDX","IDX","Q","2018-Q2",113,
"EST","QGDP","VOLIDX","IDX","Q","2018-Q3",113.8,
"EST","QGDP","VOLIDX","IDX","Q","2018-Q4",115.2,
"EST","QGDP","VOLIDX","IDX","Q","2019-Q1",118,
"EST","QGDP","VOLIDX","IDX","Q","2019-Q2",118.5,
"EST","QGDP","VOLIDX","IDX","Q","2019-Q3",119.1,
"EST","QGDP","VOLIDX","IDX","Q","2019-Q4",119.8,
"EST","QGDP","VOLIDX","IDX","Q","2020-Q1",117.9,
"EST","QGDP","VOLIDX","IDX","Q","2020-Q2",111.9,
"EST","QGDP","VOLIDX","IDX","Q","2020-Q3",114.9,
"EST","QGDP","VOLIDX","IDX","Q","2020-Q4",118.2,
"EST","QGDP","VOLIDX","IDX","Q","2021-Q1",123.8,
"LVA","QGDP","VOLIDX","IDX","Q","2008-Q1",108.3,
"LVA","QGDP","VOLIDX","IDX","Q","2008-Q2",104.4,
"LVA","QGDP","VOLIDX","IDX","Q","2008-Q3",100.2,
"LVA","QGDP","VOLIDX","IDX","Q","2008-Q4",97.7,
"LVA","QGDP","VOLIDX","IDX","Q","2009-Q1",94.1,
"LVA","QGDP","VOLIDX","IDX","Q","2009-Q2",88.8,
"LVA","QGDP","VOLIDX","IDX","Q","2009-Q3",84.4,
"LVA","QGDP","VOLIDX","IDX","Q","2009-Q4",84.6,
"LVA","QGDP","VOLIDX","IDX","Q","2010-Q1",84,
"LVA","QGDP","VOLIDX","IDX","Q","2010-Q2",83.5,
"LVA","QGDP","VOLIDX","IDX","Q","2010-Q3",83.2,
"LVA","QGDP","VOLIDX","IDX","Q","2010-Q4",84.3,
"LVA","QGDP","VOLIDX","IDX","Q","2011-Q1",85.8,
"LVA","QGDP","VOLIDX","IDX","Q","2011-Q2",88.8,
"LVA","QGDP","VOLIDX","IDX","Q","2011-Q3",90.5,
"LVA","QGDP","VOLIDX","IDX","Q","2011-Q4",90.7,
"LVA","QGDP","VOLIDX","IDX","Q","2012-Q1",92.6,
"LVA","QGDP","VOLIDX","IDX","Q","2012-Q2",92.4,
"LVA","QGDP","VOLIDX","IDX","Q","2012-Q3",93.3,
"LVA","QGDP","VOLIDX","IDX","Q","2012-Q4",93.6,
"LVA","QGDP","VOLIDX","IDX","Q","2013-Q1",94.3,
"LVA","QGDP","VOLIDX","IDX","Q","2013-Q2",94.4,
"LVA","QGDP","VOLIDX","IDX","Q","2013-Q3",95.6,
"LVA","QGDP","VOLIDX","IDX","Q","2013-Q4",96.4,
"LVA","QGDP","VOLIDX","IDX","Q","2014-Q1",95.6,
"LVA","QGDP","VOLIDX","IDX","Q","2014-Q2",96.1,
"LVA","QGDP","VOLIDX","IDX","Q","2014-Q3",96.6,
"LVA","QGDP","VOLIDX","IDX","Q","2014-Q4",97.1,
"LVA","QGDP","VOLIDX","IDX","Q","2015-Q1",98.7,
"LVA","QGDP","VOLIDX","IDX","Q","2015-Q2",100,
"LVA","QGDP","VOLIDX","IDX","Q","2015-Q3",100.8,
"LVA","QGDP","VOLIDX","IDX","Q","2015-Q4",100.7,
"LVA","QGDP","VOLIDX","IDX","Q","2016-Q1",102.3,
"LVA","QGDP","VOLIDX","IDX","Q","2016-Q2",101.7,
"LVA","QGDP","VOLIDX","IDX","Q","2016-Q3",101.9,
"LVA","QGDP","VOLIDX","IDX","Q","2016-Q4",103.1,
"LVA","QGDP","VOLIDX","IDX","Q","2017-Q1",104.4,
"LVA","QGDP","VOLIDX","IDX","Q","2017-Q2",105.3,
"LVA","QGDP","VOLIDX","IDX","Q","2017-Q3",105.9,
"LVA","QGDP","VOLIDX","IDX","Q","2017-Q4",106.5,
"LVA","QGDP","VOLIDX","IDX","Q","2018-Q1",107.5,
"LVA","QGDP","VOLIDX","IDX","Q","2018-Q2",109.4,
"LVA","QGDP","VOLIDX","IDX","Q","2018-Q3",111,
"LVA","QGDP","VOLIDX","IDX","Q","2018-Q4",112,
"LVA","QGDP","VOLIDX","IDX","Q","2019-Q1",111.4,
"LVA","QGDP","VOLIDX","IDX","Q","2019-Q2",112.1,
"LVA","QGDP","VOLIDX","IDX","Q","2019-Q3",112.7,
"LVA","QGDP","VOLIDX","IDX","Q","2019-Q4",112.7,
"LVA","QGDP","VOLIDX","IDX","Q","2020-Q1",110.1,
"LVA","QGDP","VOLIDX","IDX","Q","2020-Q2",102.4,
"LVA","QGDP","VOLIDX","IDX","Q","2020-Q3",109.5,
"LVA","QGDP","VOLIDX","IDX","Q","2020-Q4",110.7,
"LVA","QGDP","VOLIDX","IDX","Q","2021-Q1",108.8,
"LTU","QGDP","VOLIDX","IDX","Q","2008-Q1",96,
"LTU","QGDP","VOLIDX","IDX","Q","2008-Q2",96.7,
"LTU","QGDP","VOLIDX","IDX","Q","2008-Q3",95.5,
"LTU","QGDP","VOLIDX","IDX","Q","2008-Q4",94.7,
"LTU","QGDP","VOLIDX","IDX","Q","2009-Q1",82.5,
"LTU","QGDP","VOLIDX","IDX","Q","2009-Q2",81.5,
"LTU","QGDP","VOLIDX","IDX","Q","2009-Q3",81.8,
"LTU","QGDP","VOLIDX","IDX","Q","2009-Q4",80.9,
"LTU","QGDP","VOLIDX","IDX","Q","2010-Q1",81.5,
"LTU","QGDP","VOLIDX","IDX","Q","2010-Q2",82.5,
"LTU","QGDP","VOLIDX","IDX","Q","2010-Q3",82.9,
"LTU","QGDP","VOLIDX","IDX","Q","2010-Q4",84.9,
"LTU","QGDP","VOLIDX","IDX","Q","2011-Q1",86.5,
"LTU","QGDP","VOLIDX","IDX","Q","2011-Q2",87.7,
"LTU","QGDP","VOLIDX","IDX","Q","2011-Q3",88.5,
"LTU","QGDP","VOLIDX","IDX","Q","2011-Q4",89.4,
"LTU","QGDP","VOLIDX","IDX","Q","2012-Q1",89.9,
"LTU","QGDP","VOLIDX","IDX","Q","2012-Q2",90.5,
"LTU","QGDP","VOLIDX","IDX","Q","2012-Q3",92.4,
"LTU","QGDP","VOLIDX","IDX","Q","2012-Q4",92.8,
"LTU","QGDP","VOLIDX","IDX","Q","2013-Q1",93.3,
"LTU","QGDP","VOLIDX","IDX","Q","2013-Q2",94.3,
"LTU","QGDP","VOLIDX","IDX","Q","2013-Q3",95,
"LTU","QGDP","VOLIDX","IDX","Q","2013-Q4",96.2,
"LTU","QGDP","VOLIDX","IDX","Q","2014-Q1",97.3,
"LTU","QGDP","VOLIDX","IDX","Q","2014-Q2",97.9,
"LTU","QGDP","VOLIDX","IDX","Q","2014-Q3",98.2,
"LTU","QGDP","VOLIDX","IDX","Q","2014-Q4",98.6,
"LTU","QGDP","VOLIDX","IDX","Q","2015-Q1",99.2,
"LTU","QGDP","VOLIDX","IDX","Q","2015-Q2",99.9,
"LTU","QGDP","VOLIDX","IDX","Q","2015-Q3",100.3,
"LTU","QGDP","VOLIDX","IDX","Q","2015-Q4",100.7,
"LTU","QGDP","VOLIDX","IDX","Q","2016-Q1",101.2,
"LTU","QGDP","VOLIDX","IDX","Q","2016-Q2",101.6,
"LTU","QGDP","VOLIDX","IDX","Q","2016-Q3",102.9,
"LTU","QGDP","VOLIDX","IDX","Q","2016-Q4",104.1,
"LTU","QGDP","VOLIDX","IDX","Q","2017-Q1",105.6,
"LTU","QGDP","VOLIDX","IDX","Q","2017-Q2",106.3,
"LTU","QGDP","VOLIDX","IDX","Q","2017-Q3",107.3,
"LTU","QGDP","VOLIDX","IDX","Q","2017-Q4",108.5,
"LTU","QGDP","VOLIDX","IDX","Q","2018-Q1",109.5,
"LTU","QGDP","VOLIDX","IDX","Q","2018-Q2",110.8,
"LTU","QGDP","VOLIDX","IDX","Q","2018-Q3",111.3,
"LTU","QGDP","VOLIDX","IDX","Q","2018-Q4",112.9,
"LTU","QGDP","VOLIDX","IDX","Q","2019-Q1",114.3,
"LTU","QGDP","VOLIDX","IDX","Q","2019-Q2",115.4,
"LTU","QGDP","VOLIDX","IDX","Q","2019-Q3",116.5,
"LTU","QGDP","VOLIDX","IDX","Q","2019-Q4",117.6,
"LTU","QGDP","VOLIDX","IDX","Q","2020-Q1",117.2,
"LTU","QGDP","VOLIDX","IDX","Q","2020-Q2",109.9,
"LTU","QGDP","VOLIDX","IDX","Q","2020-Q3",116.6,
"LTU","QGDP","VOLIDX","IDX","Q","2020-Q4",116.2,
"LTU","QGDP","VOLIDX","IDX","Q","2021-Q1",118.6,
"SVN","QGDP","VOLIDX","IDX","Q","2008-Q1",104.4,
"SVN","QGDP","VOLIDX","IDX","Q","2008-Q2",106.2,
"SVN","QGDP","VOLIDX","IDX","Q","2008-Q3",105.6,
"SVN","QGDP","VOLIDX","IDX","Q","2008-Q4",101.7,
"SVN","QGDP","VOLIDX","IDX","Q","2009-Q1",97.2,
"SVN","QGDP","VOLIDX","IDX","Q","2009-Q2",96.1,
"SVN","QGDP","VOLIDX","IDX","Q","2009-Q3",96.4,
"SVN","QGDP","VOLIDX","IDX","Q","2009-Q4",96.3,
"SVN","QGDP","VOLIDX","IDX","Q","2010-Q1",96.1,
"SVN","QGDP","VOLIDX","IDX","Q","2010-Q2",97.8,
"SVN","QGDP","VOLIDX","IDX","Q","2010-Q3",98.1,
"SVN","QGDP","VOLIDX","IDX","Q","2010-Q4",98.7,
"SVN","QGDP","VOLIDX","IDX","Q","2011-Q1",99.2,
"SVN","QGDP","VOLIDX","IDX","Q","2011-Q2",98.8,
"SVN","QGDP","VOLIDX","IDX","Q","2011-Q3",98.5,
"SVN","QGDP","VOLIDX","IDX","Q","2011-Q4",98.6,
"SVN","QGDP","VOLIDX","IDX","Q","2012-Q1",98,
"SVN","QGDP","VOLIDX","IDX","Q","2012-Q2",96.2,
"SVN","QGDP","VOLIDX","IDX","Q","2012-Q3",96.4,
"SVN","QGDP","VOLIDX","IDX","Q","2012-Q4",94.5,
"SVN","QGDP","VOLIDX","IDX","Q","2013-Q1",94.6,
"SVN","QGDP","VOLIDX","IDX","Q","2013-Q2",95,
"SVN","QGDP","VOLIDX","IDX","Q","2013-Q3",95,
"SVN","QGDP","VOLIDX","IDX","Q","2013-Q4",96.8,
"SVN","QGDP","VOLIDX","IDX","Q","2014-Q1",96.9,
"SVN","QGDP","VOLIDX","IDX","Q","2014-Q2",97.7,
"SVN","QGDP","VOLIDX","IDX","Q","2014-Q3",98.3,
"SVN","QGDP","VOLIDX","IDX","Q","2014-Q4",98.5,
"SVN","QGDP","VOLIDX","IDX","Q","2015-Q1",98.9,
"SVN","QGDP","VOLIDX","IDX","Q","2015-Q2",99.6,
"SVN","QGDP","VOLIDX","IDX","Q","2015-Q3",100.2,
"SVN","QGDP","VOLIDX","IDX","Q","2015-Q4",100.5,
"SVN","QGDP","VOLIDX","IDX","Q","2016-Q1",101.4,
"SVN","QGDP","VOLIDX","IDX","Q","2016-Q2",102.7,
"SVN","QGDP","VOLIDX","IDX","Q","2016-Q3",103.6,
"SVN","QGDP","VOLIDX","IDX","Q","2016-Q4",104.4,
"SVN","QGDP","VOLIDX","IDX","Q","2017-Q1",106.2,
"SVN","QGDP","VOLIDX","IDX","Q","2017-Q2",107.6,
"SVN","QGDP","VOLIDX","IDX","Q","2017-Q3",108.5,
"SVN","QGDP","VOLIDX","IDX","Q","2017-Q4",110.9,
"SVN","QGDP","VOLIDX","IDX","Q","2018-Q1",111,
"SVN","QGDP","VOLIDX","IDX","Q","2018-Q2",112.4,
"SVN","QGDP","VOLIDX","IDX","Q","2018-Q3",113.9,
"SVN","QGDP","VOLIDX","IDX","Q","2018-Q4",115.4,
"SVN","QGDP","VOLIDX","IDX","Q","2019-Q1",115.9,
"SVN","QGDP","VOLIDX","IDX","Q","2019-Q2",116,
"SVN","QGDP","VOLIDX","IDX","Q","2019-Q3",116.9,
"SVN","QGDP","VOLIDX","IDX","Q","2019-Q4",118.4,
"SVN","QGDP","VOLIDX","IDX","Q","2020-Q1",111.8,
"SVN","QGDP","VOLIDX","IDX","Q","2020-Q2",100.8,
"SVN","QGDP","VOLIDX","IDX","Q","2020-Q3",113.5,
"SVN","QGDP","VOLIDX","IDX","Q","2020-Q4",112.8,
"SVN","QGDP","VOLIDX","IDX","Q","2021-Q1",114.4,
"OECD","QGDP","VOLIDX","IDX","Q","2008-Q1",91.7,
"OECD","QGDP","VOLIDX","IDX","Q","2008-Q2",91.7,
"OECD","QGDP","VOLIDX","IDX","Q","2008-Q3",91.3,
"OECD","QGDP","VOLIDX","IDX","Q","2008-Q4",89.5,
"OECD","QGDP","VOLIDX","IDX","Q","2009-Q1",87.4,
"OECD","QGDP","VOLIDX","IDX","Q","2009-Q2",87.6,
"OECD","QGDP","VOLIDX","IDX","Q","2009-Q3",88.1,
"OECD","QGDP","VOLIDX","IDX","Q","2009-Q4",88.9,
"OECD","QGDP","VOLIDX","IDX","Q","2010-Q1",89.4,
"OECD","QGDP","VOLIDX","IDX","Q","2010-Q2",90.4,
"OECD","QGDP","VOLIDX","IDX","Q","2010-Q3",91.1,
"OECD","QGDP","VOLIDX","IDX","Q","2010-Q4",91.6,
"OECD","QGDP","VOLIDX","IDX","Q","2011-Q1",91.9,
"OECD","QGDP","VOLIDX","IDX","Q","2011-Q2",92.2,
"OECD","QGDP","VOLIDX","IDX","Q","2011-Q3",92.8,
"OECD","QGDP","VOLIDX","IDX","Q","2011-Q4",93.2,
"OECD","QGDP","VOLIDX","IDX","Q","2012-Q1",93.6,
"OECD","QGDP","VOLIDX","IDX","Q","2012-Q2",93.7,
"OECD","QGDP","VOLIDX","IDX","Q","2012-Q3",93.9,
"OECD","QGDP","VOLIDX","IDX","Q","2012-Q4",93.9,
"OECD","QGDP","VOLIDX","IDX","Q","2013-Q1",94.5,
"OECD","QGDP","VOLIDX","IDX","Q","2013-Q2",95,
"OECD","QGDP","VOLIDX","IDX","Q","2013-Q3",95.7,
"OECD","QGDP","VOLIDX","IDX","Q","2013-Q4",96.2,
"OECD","QGDP","VOLIDX","IDX","Q","2014-Q1",96.6,
"OECD","QGDP","VOLIDX","IDX","Q","2014-Q2",97,
"OECD","QGDP","VOLIDX","IDX","Q","2014-Q3",97.8,
"OECD","QGDP","VOLIDX","IDX","Q","2014-Q4",98.4,
"OECD","QGDP","VOLIDX","IDX","Q","2015-Q1",99.2,
"OECD","QGDP","VOLIDX","IDX","Q","2015-Q2",99.8,
"OECD","QGDP","VOLIDX","IDX","Q","2015-Q3",100.3,
"OECD","QGDP","VOLIDX","IDX","Q","2015-Q4",100.7,
"OECD","QGDP","VOLIDX","IDX","Q","2016-Q1",101.2,
"OECD","QGDP","VOLIDX","IDX","Q","2016-Q2",101.5,
"OECD","QGDP","VOLIDX","IDX","Q","2016-Q3",101.9,
"OECD","QGDP","VOLIDX","IDX","Q","2016-Q4",102.8,
"OECD","QGDP","VOLIDX","IDX","Q","2017-Q1",103.5,
"OECD","QGDP","VOLIDX","IDX","Q","2017-Q2",104.1,
"OECD","QGDP","VOLIDX","IDX","Q","2017-Q3",104.9,
"OECD","QGDP","VOLIDX","IDX","Q","2017-Q4",105.8,
"OECD","QGDP","VOLIDX","IDX","Q","2018-Q1",106.4,
"OECD","QGDP","VOLIDX","IDX","Q","2018-Q2",107,
"OECD","QGDP","VOLIDX","IDX","Q","2018-Q3",107.3,
"OECD","QGDP","VOLIDX","IDX","Q","2018-Q4",107.6,
"OECD","QGDP","VOLIDX","IDX","Q","2019-Q1",108.2,
"OECD","QGDP","VOLIDX","IDX","Q","2019-Q2",108.6,
"OECD","QGDP","VOLIDX","IDX","Q","2019-Q3",109.1,
"OECD","QGDP","VOLIDX","IDX","Q","2019-Q4",109.3,
"OECD","QGDP","VOLIDX","IDX","Q","2020-Q1",107.2,
"OECD","QGDP","VOLIDX","IDX","Q","2020-Q2",96.1,
"OECD","QGDP","VOLIDX","IDX","Q","2020-Q3",105,
"OECD","QGDP","VOLIDX","IDX","Q","2020-Q4",106.1,
"EA19","QGDP","VOLIDX","IDX","Q","2008-Q1",99.4,
"EA19","QGDP","VOLIDX","IDX","Q","2008-Q2",99.1,
"EA19","QGDP","VOLIDX","IDX","Q","2008-Q3",98.6,
"EA19","QGDP","VOLIDX","IDX","Q","2008-Q4",96.8,
"EA19","QGDP","VOLIDX","IDX","Q","2009-Q1",93.8,
"EA19","QGDP","VOLIDX","IDX","Q","2009-Q2",93.8,
"EA19","QGDP","VOLIDX","IDX","Q","2009-Q3",94.1,
"EA19","QGDP","VOLIDX","IDX","Q","2009-Q4",94.6,
"EA19","QGDP","VOLIDX","IDX","Q","2010-Q1",95,
"EA19","QGDP","VOLIDX","IDX","Q","2010-Q2",95.9,
"EA19","QGDP","VOLIDX","IDX","Q","2010-Q3",96.3,
"EA19","QGDP","VOLIDX","IDX","Q","2010-Q4",96.9,
"EA19","QGDP","VOLIDX","IDX","Q","2011-Q1",97.7,
"EA19","QGDP","VOLIDX","IDX","Q","2011-Q2",97.7,
"EA19","QGDP","VOLIDX","IDX","Q","2011-Q3",97.9,
"EA19","QGDP","VOLIDX","IDX","Q","2011-Q4",97.5,
"EA19","QGDP","VOLIDX","IDX","Q","2012-Q1",97.2,
"EA19","QGDP","VOLIDX","IDX","Q","2012-Q2",97,
"EA19","QGDP","VOLIDX","IDX","Q","2012-Q3",96.9,
"EA19","QGDP","VOLIDX","IDX","Q","2012-Q4",96.5,
"EA19","QGDP","VOLIDX","IDX","Q","2013-Q1",96.1,
"EA19","QGDP","VOLIDX","IDX","Q","2013-Q2",96.6,
"EA19","QGDP","VOLIDX","IDX","Q","2013-Q3",96.9,
"EA19","QGDP","VOLIDX","IDX","Q","2013-Q4",97.2,
"EA19","QGDP","VOLIDX","IDX","Q","2014-Q1",97.6,
"EA19","QGDP","VOLIDX","IDX","Q","2014-Q2",97.8,
"EA19","QGDP","VOLIDX","IDX","Q","2014-Q3",98.2,
"EA19","QGDP","VOLIDX","IDX","Q","2014-Q4",98.6,
"EA19","QGDP","VOLIDX","IDX","Q","2015-Q1",99.3,
"EA19","QGDP","VOLIDX","IDX","Q","2015-Q2",99.7,
"EA19","QGDP","VOLIDX","IDX","Q","2015-Q3",100.2,
"EA19","QGDP","VOLIDX","IDX","Q","2015-Q4",100.6,
"EA19","QGDP","VOLIDX","IDX","Q","2016-Q1",101.2,
"EA19","QGDP","VOLIDX","IDX","Q","2016-Q2",101.4,
"EA19","QGDP","VOLIDX","IDX","Q","2016-Q3",101.9,
"EA19","QGDP","VOLIDX","IDX","Q","2016-Q4",102.7,
"EA19","QGDP","VOLIDX","IDX","Q","2017-Q1",103.4,
"EA19","QGDP","VOLIDX","IDX","Q","2017-Q2",104.2,
"EA19","QGDP","VOLIDX","IDX","Q","2017-Q3",105,
"EA19","QGDP","VOLIDX","IDX","Q","2017-Q4",105.9,
"EA19","QGDP","VOLIDX","IDX","Q","2018-Q1",106,
"EA19","QGDP","VOLIDX","IDX","Q","2018-Q2",106.5,
"EA19","QGDP","VOLIDX","IDX","Q","2018-Q3",106.6,
"EA19","QGDP","VOLIDX","IDX","Q","2018-Q4",107.1,
"EA19","QGDP","VOLIDX","IDX","Q","2019-Q1",107.6,
"EA19","QGDP","VOLIDX","IDX","Q","2019-Q2",107.9,
"EA19","QGDP","VOLIDX","IDX","Q","2019-Q3",108.1,
"EA19","QGDP","VOLIDX","IDX","Q","2019-Q4",108.2,
"EA19","QGDP","VOLIDX","IDX","Q","2020-Q1",104,
"EA19","QGDP","VOLIDX","IDX","Q","2020-Q2",92.1,
"EA19","QGDP","VOLIDX","IDX","Q","2020-Q3",103.7,
"EA19","QGDP","VOLIDX","IDX","Q","2020-Q4",103.1,
"EA19","QGDP","VOLIDX","IDX","Q","2021-Q1",102.7,
"BGR","QGDP","VOLIDX","IDX","Q","2008-Q1",92.9,
"BGR","QGDP","VOLIDX","IDX","Q","2008-Q2",94,
"BGR","QGDP","VOLIDX","IDX","Q","2008-Q3",94.9,
"BGR","QGDP","VOLIDX","IDX","Q","2008-Q4",95.2,
"BGR","QGDP","VOLIDX","IDX","Q","2009-Q1",91.5,
"BGR","QGDP","VOLIDX","IDX","Q","2009-Q2",91.3,
"BGR","QGDP","VOLIDX","IDX","Q","2009-Q3",91.9,
"BGR","QGDP","VOLIDX","IDX","Q","2009-Q4",89.1,
"BGR","QGDP","VOLIDX","IDX","Q","2010-Q1",89.9,
"BGR","QGDP","VOLIDX","IDX","Q","2010-Q2",91.2,
"BGR","QGDP","VOLIDX","IDX","Q","2010-Q3",91.8,
"BGR","QGDP","VOLIDX","IDX","Q","2010-Q4",92.8,
"BGR","QGDP","VOLIDX","IDX","Q","2011-Q1",93,
"BGR","QGDP","VOLIDX","IDX","Q","2011-Q2",94,
"BGR","QGDP","VOLIDX","IDX","Q","2011-Q3",94,
"BGR","QGDP","VOLIDX","IDX","Q","2011-Q4",93.9,
"BGR","QGDP","VOLIDX","IDX","Q","2012-Q1",94.3,
"BGR","QGDP","VOLIDX","IDX","Q","2012-Q2",94,
"BGR","QGDP","VOLIDX","IDX","Q","2012-Q3",93.8,
"BGR","QGDP","VOLIDX","IDX","Q","2012-Q4",93.7,
"BGR","QGDP","VOLIDX","IDX","Q","2013-Q1",93.7,
"BGR","QGDP","VOLIDX","IDX","Q","2013-Q2",93.7,
"BGR","QGDP","VOLIDX","IDX","Q","2013-Q3",94.3,
"BGR","QGDP","VOLIDX","IDX","Q","2013-Q4",94.7,
"BGR","QGDP","VOLIDX","IDX","Q","2014-Q1",94.9,
"BGR","QGDP","VOLIDX","IDX","Q","2014-Q2",95.7,
"BGR","QGDP","VOLIDX","IDX","Q","2014-Q3",96.3,
"BGR","QGDP","VOLIDX","IDX","Q","2014-Q4",97.3,
"BGR","QGDP","VOLIDX","IDX","Q","2015-Q1",98.4,
"BGR","QGDP","VOLIDX","IDX","Q","2015-Q2",99.2,
"BGR","QGDP","VOLIDX","IDX","Q","2015-Q3",100.5,
"BGR","QGDP","VOLIDX","IDX","Q","2015-Q4",101.3,
"BGR","QGDP","VOLIDX","IDX","Q","2016-Q1",102.3,
"BGR","QGDP","VOLIDX","IDX","Q","2016-Q2",103.3,
"BGR","QGDP","VOLIDX","IDX","Q","2016-Q3",103.9,
"BGR","QGDP","VOLIDX","IDX","Q","2016-Q4",105.1,
"BGR","QGDP","VOLIDX","IDX","Q","2017-Q1",106,
"BGR","QGDP","VOLIDX","IDX","Q","2017-Q2",106.9,
"BGR","QGDP","VOLIDX","IDX","Q","2017-Q3",107.7,
"BGR","QGDP","VOLIDX","IDX","Q","2017-Q4",108.5,
"BGR","QGDP","VOLIDX","IDX","Q","2018-Q1",109.2,
"BGR","QGDP","VOLIDX","IDX","Q","2018-Q2",110.2,
"BGR","QGDP","VOLIDX","IDX","Q","2018-Q3",111.3,
"BGR","QGDP","VOLIDX","IDX","Q","2018-Q4",112.3,
"BGR","QGDP","VOLIDX","IDX","Q","2019-Q1",113.7,
"BGR","QGDP","VOLIDX","IDX","Q","2019-Q2",114.4,
"BGR","QGDP","VOLIDX","IDX","Q","2019-Q3",115,
"BGR","QGDP","VOLIDX","IDX","Q","2019-Q4",115.8,
"BGR","QGDP","VOLIDX","IDX","Q","2020-Q1",116.3,"P"
"BGR","QGDP","VOLIDX","IDX","Q","2020-Q2",104.6,"P"
"BGR","QGDP","VOLIDX","IDX","Q","2020-Q3",109,"P"
"BGR","QGDP","VOLIDX","IDX","Q","2020-Q4",111.4,"P"
"ROU","QGDP","VOLIDX","IDX","Q","2008-Q1",94.4,
"ROU","QGDP","VOLIDX","IDX","Q","2008-Q2",96,
"ROU","QGDP","VOLIDX","IDX","Q","2008-Q3",96.2,
"ROU","QGDP","VOLIDX","IDX","Q","2008-Q4",94.5,
"ROU","QGDP","VOLIDX","IDX","Q","2009-Q1",90.7,
"ROU","QGDP","VOLIDX","IDX","Q","2009-Q2",90,
"ROU","QGDP","VOLIDX","IDX","Q","2009-Q3",90.2,
"ROU","QGDP","VOLIDX","IDX","Q","2009-Q4",90.1,
"ROU","QGDP","VOLIDX","IDX","Q","2010-Q1",87.6,
"ROU","QGDP","VOLIDX","IDX","Q","2010-Q2",87.3,
"ROU","QGDP","VOLIDX","IDX","Q","2010-Q3",86.1,
"ROU","QGDP","VOLIDX","IDX","Q","2010-Q4",87.1,
"ROU","QGDP","VOLIDX","IDX","Q","2011-Q1",88.1,
"ROU","QGDP","VOLIDX","IDX","Q","2011-Q2",87.9,
"ROU","QGDP","VOLIDX","IDX","Q","2011-Q3",89.5,
"ROU","QGDP","VOLIDX","IDX","Q","2011-Q4",88.6,
"ROU","QGDP","VOLIDX","IDX","Q","2012-Q1",89.7,
"ROU","QGDP","VOLIDX","IDX","Q","2012-Q2",90.5,
"ROU","QGDP","VOLIDX","IDX","Q","2012-Q3",90.3,
"ROU","QGDP","VOLIDX","IDX","Q","2012-Q4",90.8,
"ROU","QGDP","VOLIDX","IDX","Q","2013-Q1",91.7,
"ROU","QGDP","VOLIDX","IDX","Q","2013-Q2",93,
"ROU","QGDP","VOLIDX","IDX","Q","2013-Q3",94.1,
"ROU","QGDP","VOLIDX","IDX","Q","2013-Q4",95.2,
"ROU","QGDP","VOLIDX","IDX","Q","2014-Q1",95.8,
"ROU","QGDP","VOLIDX","IDX","Q","2014-Q2",96.3,
"ROU","QGDP","VOLIDX","IDX","Q","2014-Q3",97.6,
"ROU","QGDP","VOLIDX","IDX","Q","2014-Q4",98.3,
"ROU","QGDP","VOLIDX","IDX","Q","2015-Q1",98.9,
"ROU","QGDP","VOLIDX","IDX","Q","2015-Q2",99,
"ROU","QGDP","VOLIDX","IDX","Q","2015-Q3",100.5,
"ROU","QGDP","VOLIDX","IDX","Q","2015-Q4",101.6,
"ROU","QGDP","VOLIDX","IDX","Q","2016-Q1",102.8,
"ROU","QGDP","VOLIDX","IDX","Q","2016-Q2",104.2,
"ROU","QGDP","VOLIDX","IDX","Q","2016-Q3",104.7,
"ROU","QGDP","VOLIDX","IDX","Q","2016-Q4",106.8,
"ROU","QGDP","VOLIDX","IDX","Q","2017-Q1",109.5,
"ROU","QGDP","VOLIDX","IDX","Q","2017-Q2",110.9,
"ROU","QGDP","VOLIDX","IDX","Q","2017-Q3",113.4,
"ROU","QGDP","VOLIDX","IDX","Q","2017-Q4",114.3,
"ROU","QGDP","VOLIDX","IDX","Q","2018-Q1",114.9,
"ROU","QGDP","VOLIDX","IDX","Q","2018-Q2",116.8,
"ROU","QGDP","VOLIDX","IDX","Q","2018-Q3",118.2,
"ROU","QGDP","VOLIDX","IDX","Q","2018-Q4",118.9,
"ROU","QGDP","VOLIDX","IDX","Q","2019-Q1",120.8,"P"
"ROU","QGDP","VOLIDX","IDX","Q","2019-Q2",121.7,"P"
"ROU","QGDP","VOLIDX","IDX","Q","2019-Q3",122.2,"P"
"ROU","QGDP","VOLIDX","IDX","Q","2019-Q4",123.3,"P"
"ROU","QGDP","VOLIDX","IDX","Q","2020-Q1",124.2,"P"
"ROU","QGDP","VOLIDX","IDX","Q","2020-Q2",109.5,"P"
"ROU","QGDP","VOLIDX","IDX","Q","2020-Q3",115.5,"P"
"ROU","QGDP","VOLIDX","IDX","Q","2020-Q4",120.8,"P"
"ROU","QGDP","VOLIDX","IDX","Q","2021-Q1",124.3,"P"
"EU27_2020","QGDP","VOLIDX","IDX","Q","2008-Q1",98.2,
"EU27_2020","QGDP","VOLIDX","IDX","Q","2008-Q2",97.9,
"EU27_2020","QGDP","VOLIDX","IDX","Q","2008-Q3",97.5,
"EU27_2020","QGDP","VOLIDX","IDX","Q","2008-Q4",95.7,
"EU27_2020","QGDP","VOLIDX","IDX","Q","2009-Q1",92.9,
"EU27_2020","QGDP","VOLIDX","IDX","Q","2009-Q2",92.9,
"EU27_2020","QGDP","VOLIDX","IDX","Q","2009-Q3",93.2,
"EU27_2020","QGDP","VOLIDX","IDX","Q","2009-Q4",93.7,
"EU27_2020","QGDP","VOLIDX","IDX","Q","2010-Q1",94.1,
"EU27_2020","QGDP","VOLIDX","IDX","Q","2010-Q2",95,
"EU27_2020","QGDP","VOLIDX","IDX","Q","2010-Q3",95.5,
"EU27_2020","QGDP","VOLIDX","IDX","Q","2010-Q4",96.1,
"EU27_2020","QGDP","VOLIDX","IDX","Q","2011-Q1",96.9,
"EU27_2020","QGDP","VOLIDX","IDX","Q","2011-Q2",97,
"EU27_2020","QGDP","VOLIDX","IDX","Q","2011-Q3",97.2,
"EU27_2020","QGDP","VOLIDX","IDX","Q","2011-Q4",96.8,
"EU27_2020","QGDP","VOLIDX","IDX","Q","2012-Q1",96.6,
"EU27_2020","QGDP","VOLIDX","IDX","Q","2012-Q2",96.4,
"EU27_2020","QGDP","VOLIDX","IDX","Q","2012-Q3",96.3,
"EU27_2020","QGDP","VOLIDX","IDX","Q","2012-Q4",95.9,
"EU27_2020","QGDP","VOLIDX","IDX","Q","2013-Q1",95.7,
"EU27_2020","QGDP","VOLIDX","IDX","Q","2013-Q2",96.2,
"EU27_2020","QGDP","VOLIDX","IDX","Q","2013-Q3",96.5,
"EU27_2020","QGDP","VOLIDX","IDX","Q","2013-Q4",96.8,
"EU27_2020","QGDP","VOLIDX","IDX","Q","2014-Q1",97.2,
"EU27_2020","QGDP","VOLIDX","IDX","Q","2014-Q2",97.5,
"EU27_2020","QGDP","VOLIDX","IDX","Q","2014-Q3",98,
"EU27_2020","QGDP","VOLIDX","IDX","Q","2014-Q4",98.5,
"EU27_2020","QGDP","VOLIDX","IDX","Q","2015-Q1",99.2,
"EU27_2020","QGDP","VOLIDX","IDX","Q","2015-Q2",99.7,
"EU27_2020","QGDP","VOLIDX","IDX","Q","2015-Q3",100.2,
"EU27_2020","QGDP","VOLIDX","IDX","Q","2015-Q4",100.7,
"EU27_2020","QGDP","VOLIDX","IDX","Q","2016-Q1",101.2,
"EU27_2020","QGDP","VOLIDX","IDX","Q","2016-Q2",101.6,
"EU27_2020","QGDP","VOLIDX","IDX","Q","2016-Q3",102,
"EU27_2020","QGDP","VOLIDX","IDX","Q","2016-Q4",102.9,
"EU27_2020","QGDP","VOLIDX","IDX","Q","2017-Q1",103.7,
"EU27_2020","QGDP","VOLIDX","IDX","Q","2017-Q2",104.5,
"EU27_2020","QGDP","VOLIDX","IDX","Q","2017-Q3",105.3,
"EU27_2020","QGDP","VOLIDX","IDX","Q","2017-Q4",106.2,
"EU27_2020","QGDP","VOLIDX","IDX","Q","2018-Q1",106.5,
"EU27_2020","QGDP","VOLIDX","IDX","Q","2018-Q2",107,
"EU27_2020","QGDP","VOLIDX","IDX","Q","2018-Q3",107.3,
"EU27_2020","QGDP","VOLIDX","IDX","Q","2018-Q4",107.9,
"EU27_2020","QGDP","VOLIDX","IDX","Q","2019-Q1",108.4,
"EU27_2020","QGDP","VOLIDX","IDX","Q","2019-Q2",108.8,
"EU27_2020","QGDP","VOLIDX","IDX","Q","2019-Q3",109.1,
"EU27_2020","QGDP","VOLIDX","IDX","Q","2019-Q4",109.2,
"EU27_2020","QGDP","VOLIDX","IDX","Q","2020-Q1",105.5,
"EU27_2020","QGDP","VOLIDX","IDX","Q","2020-Q2",93.7,
"EU27_2020","QGDP","VOLIDX","IDX","Q","2020-Q3",104.7,
"EU27_2020","QGDP","VOLIDX","IDX","Q","2020-Q4",104.3,
"EU27_2020","QGDP","VOLIDX","IDX","Q","2021-Q1",104.2,
